1462,2011,2019,2175,23209,23543,23619,2620,27344,3691,3866,50805,51477,51659,53335,54441,54531,57419,5834,6484,6659,6664,80303,81029,81831,9454,9700,10847,10933,23220,23269,26292,27255,29128,3008,3645,4602,4603,4781,51742,54880,55534,55783,55914,63035,653220,6595,6605,7403,7994,8243,8332,8823,9223,9863,100188863,10025,100506885,10060,10090,10140,10154,10562,10902,10924,116039,120892,1368,149111,1592,1604,1645,1655,1675,1734,1843,1994,2200,23054,231,23421,23428,2516,25802,25840,25890,27063,29079,29116,3065,3164,3294,3434,3549,3554,3613,3696,387496,389558,4070,4741,4916,5069,5076,51191,5137,51621,54206,5469,55959,5732,5734,5737,59350,6096,6505,6750,687,6876,7026,7067,715,7181,7182,79625,79822,81501,8390,8404,90865,9112,9120,9134,9219,92304,9282,9318,9440,9547,9953,9975,2812,84909,378938,57731,817,6899,2177,2178,2187,2188,2189,29089,55120,57697,84464,10058,1013,104,10413,10454,10772,11173,113251,114822,1164,116840,126306,144577,146433,146664,147906,151354,158314,164395,170394,171558,1742,1995,22924,23112,23162,2324,23658,2492,2529,2549,256472,256933,257106,25865,2661,286749,29997,30000,3070,338324,347088,349565,374920,374955,3850,388552,3973,4000,440836,441151,466,4796,5120,5140,54443,54947,55503,55721,57104,5724,5733,57449,57455,57636,57706,5862,5869,6102,6168,6286,63892,6440,653545,6770,6939,7755,79039,79685,79694,79906,80127,80264,8091,84376,8463,8572,8817,90326,90668,91608,9200,9205,9210,93659,11249,221472,25789,266,2857,51643,55110,6125,8174,91937,931,9397,10618,163223,163882,51454,6297
1612,10125,2327,239,4255,3439,100126572,100170841,10038,10057,10129,1020,1022,10561,10577,10592,10643,1071,10732,10859,10891,10908,11006,11056,11190,113510,114785,114880,115265,1158,1244,126129,1299,1396,151126,1544,157313,1582,1591,159162,1617,1621,1633,169270,201299,2067,2071,2072,216,23005,23150,23170,23178,23221,23242,2328,23563,2528,2574,2575,2576,2578,2579,25830,25894,26022,266740,2670,26748,2707,27340,2735,28232,2838,2954,2965,2999,30812,326624,3364,338,3460,3500,3508,3562,3662,368,3904,4041,4049,4058,410,4101,4153,421,4330,4361,440279,440823,4595,4744,50999,51207,51608,51646,5244,5294,5376,53904,5423,5428,5445,5452,5478,548313,54842,54908,54935,55061,55075,55220,55530,55644,5581,56164,5689,5695,57054,57082,57135,57379,57535,57716,578,5783,5799,6095,6240,6352,6442,64788,65018,65059,65125,6555,6584,66002,6756,6759,6778,6891,706,7173,7223,7227,7345,7380,7481,7486,7504,774,7918,7979,8110,8139,81569,83439,83660,84668,84898,8618,8647,8712,8714,890,90381,9046,9103,91179,9258,9358,9376,939,944,9452,949,9499,9757,9896,990,9989,9990,3680,4913,100874137,10133,10242,116984,132989,151194,1639,1804,201161,22920,23025,23435,23503,2521,27148,283,284085,29110,29978,347736,3909,400916,51163,5446,56241,5630,643339,6487,7415,8821,9181,9217,9331,9764,9782,26228,336,16,1785,23064,26353,3300,4141,4747,54332,6305,65055,79628,81857,90678,91137,359787,79923,9573,101929667,64762,83478
182,2195,358,3852,595,999,2033,29072,3265,4613,4851,5290,55294,58508,7157,8289,11067,1646,1839,1956,2063,2100,22943,3620,3688,374,3845,5241,5320,5617,5618,5915,8614,9076,9611,10769,1649,200315,3480,3725,4929,51741,6774,6934,9788,1019,1029,113878,238,27436,28514,441478,6608,6696,7052,10232,10266,11186,1152,143187,1499,1938,2023,2064,2099,2202,2254,25,2520,2543,29108,3206,324,3312,3329,3576,3791,3856,4233,4288,4297,4323,4354,4583,51196,51292,5223,5245,5265,54474,56287,5731,59340,596,634,6599,6776,6794,6847,7170,7306,759,760,79633,841,8626,864,1437,1806,4314,4363,4524,4548,5055,51129,5243,540,55809,5742,6492,9154,9156,1030,1495,26040,4066,4609,8788,8837,1000,1072,10919,1155,1192,1475,1719,186,1890,1933,1964,1974,2057,2258,226,2321,23657,240,25800,2705,2877,301,307,3320,3381,3958,396,406892,406899,406910,406920,406986,406988,407006,407007,407009,407029,407034,407035,407041,407053,407055,407056,4312,4313,4318,4319,442909,442915,4638,4830,4969,5268,5287,5395,55630,574033,574457,574466,5829,5879,6197,6275,6591,6615,6667,682,693149,693151,693180,693223,7171,7347,7531,7980,80306,8434,8654,8743,92140,9623,2122,64359,100271687,100271693,10063,11200,116285,1545,1788,1796,2,2018,207,2260,2263,23462,253650,2627,28234,3280,332,3476,3659,4170,450093,4800,4853,4854,5002,541471,5519,55259,5609,5757,5894,598,60,6362,6439,6657,673,7011,7037,7253,7298,7428,7474,7490,79930,84864,8517,900,9588,9940,1021,10437,1050,1052,10634,10801,11040,11168,1269,1512,1522,2026,2274,2308,2322,23365,26511,2672,2969,3005,3006,302,30845,309,3315,375790,3815,4291,4599,4629,4869,4928,51428,51510,53826,5457,54904,5997,6279,6281,6446,6455,6688,6840,6919,7204,7837,79870,8021,81552,81848,822,824,840,862,8623,8833,8847,9163,102724265,10404,11214,11236,1265,1381,142685,144132,158584,201163,2034,23037,23224,25844,283092,284013,3035,3313,343930,353,374393,3855,3882,3897,4286,4771,5037,5058,5162,5230,55367,5546,55745,6261,6423,6513,6921,7030,79026,79444,8314,8407,84433,84925,8633,8790,89795,91661,91662,95,9839,100302142,10087,10179,10568,1113,152002,1540,1728,1845,23028,25878,29968,3799,3956,406913,406937,407021,407031,4504,4826,5052,54458,55743,558,57099,5925,6009,6236,6385,63895,7262,79887,9470,972,10460,10735,2261,26986,84181,1840,23493,3304,3714,7020,4089,5424,140628,2626,1476,1501,1513,1848,2335,26136,3020,346288,4194,5292,5747,648,8358,8842,10010,1003,100506658,10236,10297,10318,10381,10468,10542,10599,10660,11065,1294,131965,133522,135228,1364,1374,138046,1435,151647,152273,1565,161424,167465,174,1825,1869,1910,1942,196403,2004,2050,208,2091,2101,2152,2173,2194,221687,2248,2249,22891,23136,2316,23339,23345,23406,23705,26150,26508,2662,27098,27246,27324,2771,2821,2852,2879,28957,28998,2921,2977,3002,3014,3032,3087,3090,318,3190,3191,3237,3273,3456,3488,369,3692,3756,3875,3996,400500,4017,4046,406894,406902,406903,406914,406921,406933,406938,406984,406985,406989,406996,407013,4118,4211,4214,4240,4283,442910,4722,4792,4829,4835,4897,4904,5047,50618,50943,51081,5138,51466,5154,51649,5300,5321,54567,554210,56100,5655,56942,56945,56946,573,574442,57561,5789,580,5889,5890,5914,5935,59352,597,6147,6160,6191,6194,6199,6201,6202,6257,6364,63943,6422,6425,6470,650,65005,6514,6518,652,659,6623,6714,6926,6935,7025,708,7087,7090,7372,7423,7424,7468,7480,7516,7517,7818,79728,8065,80774,8085,81031,8204,8347,83990,8412,8438,84866,84870,8493,85236,8863,8871,8894,898,9048,9185,92483,9429,9473,958,9590,9668,9754,978,9801,9821,9877,135932,1748,2059,2495,27250,3400,3658,3678,3705,3880,388591,3921,4615,5315,57016,57181,6123,644076,6539,7001,7078,7086,7094,728655,7295,7341,7913,813,9506,9564,9891,2176,100270680,10723,119391,140767,146177,1580,2186,225689,255022,26259,27127,290,341568,360,3670,374887,3868,389289,3978,4016,4108,4489,50807,513,51479,5447,55252,5646,5690,7799,7874,84171,84966,9649,6506,2922,7389,100187710,100187711,100188841,100188887,100271690,100271691,100271692,100329169,100422821,1005,10349,10350,10351,10631,10714,1080,11171,11197,11257,116135,148266,1487,150000,154664,2070,21,217,2199,2201,2237,225,22843,23036,2318,23456,23460,23461,24,256536,26038,26154,26256,26585,27030,27151,2894,2984,30833,3231,3235,3572,3992,407017,407050,4092,4436,4831,4953,5157,5426,54436,54739,54822,54894,55356,57338,5795,5825,5826,59345,5979,6424,64321,6447,66037,668,6833,7046,7083,7296,7374,7849,79695,80317,8313,85415,9148,91768,94274,9619,113278,120114,2196,2280,2665,2810,3309,340061,3860,3861,3872,482,494335,5216,5720,6317,645,7169,7494,8342,84817,84962,131566,5950,7056,325,11156,143,160728,1755,2203,2535,29950,30011,3604,3679,4171,4224,430,4316,51176,553158,57447,5981,6280,6566,6941,72,80196,8549,9235,4907,5295,5562,6721,10850,11004,2167,2937,30968,3108,3621,3849,3851,3858,5266,54578,5718,7177,8544,8744,1040,10409,10653,11151,112802,1289,140738,1447,1448,1468,1622,1674,1901,1915,1984,214,23569,26012,2625,2628,3021,3039,3178,347733,3638,3963,4191,4254,4256,4512,4692,50486,51599,5685,5725,5764,5901,5924,5947,5954,6122,6128,6208,6277,6319,6427,6634,6662,7069,7091,71,7329,7498,81,832,8573,8825,8848,9019,902,93974,9540,9615,9902,998,3182,331,4012,6051,7031,3350,7507,8643,100126314,100126317,100302123,100302129,100302258,1553,1879,23239,3195,389421,406885,406949,406961,406965,406966,407014,407033,407037,4582,5599,693235,79727,8505,8668,947,140465,140625,2266,3045,56005,64499,1075,2171,9021,2149,30834,574511,613,8725,100188791,100270642,100270643,100270644,11073,115761,23451,23547,28444,29125,3431,400997,406935,406950,5527,5934,64506,64864,8101,8302,8600,8792,90427,10188,10897,10975,1124,121256,140885,166336,192286,1948,23302,23404,25839,339487,406884,406886,406993,406994,407054,442898,442903,442906,442908,442920,51491,54802,574413,57628,587,619552,64081,6496,70,724022,728239,79879,8100,84249,8659,91522,10216,3775,5597,6698,100124700,100507436,101929072,10476,1051,10537,10553,10788,10987,11315,117145,122953,196528,2108,2222,22937,23095,2597,2658,2719,29126,3083,31,3156,3417,3660,406906,4598,50,51,51085,51360,5155,5218,5226,5267,5317,57492,57509,5836,637,64399,6502,693200,7054,735,7376,7571,7832,80381,8312,83597,83932,83940,8660,87178,8805,8900,89885,9099,9353,9681,9965,7175,8031,329,55904,5781,83593,285,5335,5787,7010,100312951,257641,10131,10148,1032,10330,10395,10528,10574,1201,123,125997,1496,1514,1642,1798,1917,2286,229,23201,23246,245972,2534,25824,26137,27034,27131,27145,27339,2737,28973,29777,29894,3199,3384,3420,3814,4487,4588,4695,4719,4723,501,5036,50813,51035,51042,51501,51594,51728,5325,53635,5480,5518,5524,5550,5564,55739,56915,57610,5792,5793,5886,5918,6137,6138,6141,6209,6227,6231,64963,6628,6700,7022,7730,79187,79852,80324,80328,8148,81605,8189,8190,83998,843,84364,84527,84634,84654,84790,8516,8530,8611,8802,8857,9136,9277,9725,9805,131,27113,2788,4215,4495,50514,56475,7284,100126297,100126333,100126348,212,219972,22800,23582,283120,337,344,406887,406953,406959,406971,407027,407030,442904,442907,494332,574508,664612,6713,693183,768213,8795,967,100306937,100306938,100306939,4004,51144,729177,7869,1616,4221,84133,10061,10549,1081,1386,1969,23,23586,85320,100316847,100415894,100415895,1233,137196,23187,338030,404685,5347,79782,9211,7155,23741,56034,84700,8915,1209,2030,23022,5349,54465,6690,688,7873,5015,100131315,120376,171472,283050,3911,399948,51474,745,80114,80776,81928,2271,4149,54949,55654,6390,6391,641,10399,1457,1459,1460,1834,3713,3848,3854,4014,56952,8843,90417,10775,23213,25803,25976,285601,29086,4576,51029,5501,574048,5892,6765,79084,79156,83636,8631,9149,92421,94025,4216,55558,6405,64061,4645,9215,641371,1053,5573,6777,2709,2993,25788,5782,7251,116966,117159,121551,128439,130814,153129,168002,170691,22996,23386,23593,283927,3054,310,339896,342945,3697,4891,51201,5357,6725,7358,81572,84263,8916,79602,26524,57670,9113,268,269,3209,3975,6929,11174,442894,85417,9183,1284,3028,4921,8890,8893,3202,54556,6845,171023,23092,8233,1991,7172,84522,604,3131,22807,3181,7014,7161,7409,5178,5566,5774,6867,23373,2304,23085,51079,5987,8030,9950,80816,55729,64109,10401,10389,114826,23030,23081,2313,4352,474,51684,6046,79813,8019,83746,84456,92335,2798,23111,4745,56033,11228,169044,1993,201229,2045,22982,2899,3642,55605,57088,57683,8570,9425,9699,9774,3762,9049,1107,3561,6195,65980,100310785,100310786,286530,3055,3233,63978,7441,51527,55102,5885,9126,10672,10693,10841,53947,10371,3730,389549,55636,6663,8820,8822,9394,64902,6906,101927688,1062,1618,1761,6793,8093,8888,9534,9673,57510,6895,92,101928354,386607,5756,80829,81345,4005,4849,6886,84295,102723724,643246,7773,5378,6224,9209,1198,342184,54575,54576,6563,100126346,442899,494330,9132
259266,4082,51514,7153,9874,23405,3459,3484,3673,5999,6574,25816,4973,51338,5352,55500,5594,5627,7035,929,5111,5328,10461,1111,19,23683,2956,3059,3161,4644,55215,55247,6401,6787,6790,7099,79071,81537,960,2146,10855,1436,5621,490,64116,2305,11326,308,55740,865,23042,23603,4893,5744,9180,9510,102,10457,1063,22948,5888,5965,90,9055,9582,1520,387,7076,4552,5054,10255,26191,941,10135,6059,6241,701,7097,8741,9201,4085,29127,3976,55165,55872,6665,7272,891,10006,10015,100507463,10051,10097,10112,10146,10159,10184,101929664,10197,10228,10288,1033,10342,10403,10434,10451,10473,10479,10484,10492,10527,10539,10550,10564,10565,1058,10610,10613,10659,10737,10857,10874,10878,10935,10959,10973,10981,10988,10990,11010,11052,11130,11196,11221,11339,114548,1147,114885,117178,1230,1234,133619,1356,140,150280,1536,159,1654,1670,178,1794,1824,1832,1880,1894,1965,2069,2123,2124,2161,2180,2191,22797,22822,22841,22868,22974,23167,23186,23244,23347,23463,23471,23484,23530,23531,2359,241,24137,2526,253943,2553,2585,2589,25939,25978,25994,26031,26135,26235,2632,27242,27299,2799,28966,29015,29028,29887,29902,29929,29957,30001,3015,3071,3074,3075,3078,3116,3119,313,3308,3394,341,3587,3590,3597,3612,3676,3684,3687,3689,3702,3796,3832,3838,3903,3936,3988,4001,4076,407977,4121,4125,4144,4154,4200,4321,4332,4481,4542,4591,4688,4811,51133,51167,51203,51290,51311,51313,51368,51379,51435,51444,515,51571,51582,51714,51719,51727,51762,51809,5229,5250,526,5284,5341,54107,54149,54407,54431,54478,54491,54716,54877,54928,54969,55010,5504,55156,55159,55197,55198,55273,55289,55355,55379,55435,5552,55608,55619,55699,55706,55754,55839,55916,55970,5660,5663,56833,56938,5696,56992,57018,57103,57405,5788,5791,5806,58504,586,5873,5917,5921,60343,6036,6039,60498,6120,6303,63933,6402,64092,64127,64151,64170,64231,64747,64844,64866,64924,6507,65084,6596,6643,6745,6856,6880,6885,695,699,7045,7096,7112,712,713,717,728,729230,7305,7323,7326,7351,7357,7456,7462,7525,7533,7534,7690,7803,7805,7884,79017,79157,7941,79624,79647,79666,79682,79709,79718,80183,8038,8050,8061,80896,8099,8140,81533,81542,81553,81555,81578,81671,81930,821,830,83737,8406,8445,8450,8477,8487,8522,8540,8560,8673,8754,8761,8826,8869,8897,8914,892,8942,9050,912,9133,917,920,9212,9232,92342,9326,9332,9375,9435,9447,948,9493,951,9516,9526,9555,9562,963,9768,9770,9787,9824,983,9833,9837,9889,991,9926,9928,9943,3777,26034,1668,4926,64859,81608,1154,80150,10203,10261,10875,133418,2215,2533,4084,4222,4360,51284,63924,6769,7378,8835,9168,727,731,8547
2621,2982,100048912,1268,23327,2353,3479,4057,4306,5743,59,7200,2919,3557,4478,60685,6786,9314,1559,388585,5970,6648,7422,1490,1636,335,348,3553,4846,4878,5468,7040,7124,1440,1906,196,2876,3383,3569,4803,4852,6403,6649,7450,2056,3077,1756,185,3274,3934,406919,406957,406974,406979,407042,442892,5168,5601,5629,574032,574506,693124,847,143872,283450,54897,829,1138,1143,1291,1326,1401,1432,3162,345,3458,355,3726,475,4843,7276,8678,3082,3398,6678,3440,3596,5443,6927,9045,2729,2946,4320,259,55764,729920,4549,10370,137814,1482,23414,2657,2702,1889,1909,4624,4879,5460,7055,859,2668,8553,2920,3240,406999,4684,10392,1558,2990,3785,4760,4773,54902,55738,6315,6571,6647,836,84254,148022,23322,116,3146,7168,3630,3643,3972,183,10411,11167,116085,2053,213,2539,2671,26762,283238,3816,3827,391051,506,51330,54600,54658,551,624,7033,81693,2153,2155,4018,5327,5624,10616,1375,147,150,152,156,2247,23523,26,3270,3357,3709,4607,4881,51548,5337,5338,5465,5563,5578,5972,6464,7139,7220,84676,93649,9495,9927,10580,23328,27283,284757,4192,55748,59272,6347,7126,7416,8639,9370,2158,2159,2243,2811,462,5028,5139,5196,644165,7301,10221,116519,1952,22808,23564,255738,375056,51530,55759,574447,57608,6272,64241,6597,6943,80310,84439,84830,8613,9365,959,10052,10911,111,11255,114818,118,1187,1215,1277,1281,1395,153,1535,1813,1908,2006,2160,221357,246,2641,2701,27020,2740,2796,2863,2953,3291,348932,3758,3779,389036,4190,4343,4646,476,477,486,492,5020,51083,51752,5340,5473,5580,56996,5741,57623,6198,63036,6338,6340,65266,6530,653361,6559,6869,7148,7222,7224,7349,7369,7412,7518,84876,8490,875,8870,9351,9445,219,2596,27035,2949,3158,3306,3627,3757,50507,538,5608,57381,1036,114757,127,135,1373,1733,2326,23491,2542,2645,2805,2875,2939,3611,3694,5091,51179,51380,5159,54466,622,6554,6568,83729,8630,8651,871,8824,9104,9501,3159,3767,3990,56729,718,1394,2312,2833,2936,6288,6318,3397,10887,1392,2902,3060,400680,4986,5173,5368,623,6548,8989,10321,1048,10615,10824,1278,1288,1290,1293,1298,1305,1842,1893,2252,23767,251,2537,26998,27159,2744,3026,3430,3446,3568,3578,3589,3623,3910,4247,4324,4327,4680,51554,5228,53832,56145,56547,56891,7077,7143,8763,8832,924,925,968,969,10050,102724766,149773,257160,2646,56955,8638,9159,10491,60681,64175,649,7471,90993,121340,55151,4734,1723,3043,790,6616,10059,10462,10611,10965,1153,117579,1329,1398,1634,166,1737,201475,2029,203,2246,22919,2634,2710,2768,28984,3030,3097,3098,334,3552,3764,389,406,4223,4691,5166,5213,5236,5471,54738,5495,5515,5534,5693,5786,5868,60674,6139,6252,6258,6262,6348,6351,6533,6890,7386,7538,7846,7879,79924,81876,83939,83992,8773,91543,9451,952,9637,22827,4988,2941,383,4143,5502,6888,9971,80142,7473,6049,406891,406962,23362,3106,347,2934,55600,3651,4061,6751,6752,6753,1270,134,1644,23287,23400,2896,2914,3761,4287,4359,51542,64393,6622,7804,84867,10544,10747,3172,7850,1583,3207,9463,101927284,387572,54549,57101,57658,619493,677663,887,126393,150684,6578,7150,9456,1061,128674,23090,23305,2566,26289,26577,340267,344558,409,5104,5146,54996,64754,64757,6536,80036,84196,9771,9951,10280,1103,1128,11284,249,38,5066,54886,57030,57468,57534,5978,6547,6792,7779,8777,885,93183,107,1133,114,1385,2770,2775,2891,3061,4885,4887,4987,8864,8973,2782,390275,594857,9848,11188,1907,6550,10800,2205,2206,2207,3305,3565,4056,57105,6356,6369,1829,2010,23171,282996,3336,359,3920,3939,4217,4625,51422,5164,54968,554,5600,57158,57724,6331,6443,6444,7066,7137,7414,7840,79188,84665,85366,88,91624,9997,28964,4135,4922,196743,3360,3685,79001,92369,9734,1555,2168,2981,4627,51094,57817,100233226,2162,221458,2730,3957,53345,5350,8315,8525,151648,287,3759,10736,11136,284086,406967,4867,4868,50484,5125,54974,55244,6582,793,8437,84560,84662,9899,10365,114131,153572,26253,3170,338339,3948,5745,683,7080,7356,79191,79192,83716,976,2548,58,4690,494336,7827,8440,10699,150142,219736,2259,23077,23526,3624,5177,780908,780909,120,23765,3594,3605,41,7132,8655,100188836,100188877,100507308,148738,338334,387573,387584,387585,388165,4633,55219,55973,65264,80350,80724,84624,84722,91851,112616,161725,2660,478,487,5170,90226,10047,1831,2054,23424,2488,29102,339345,346562,387712,54898,6795,79730,83756,147381,2629,4015,406987,4093,440275,6346,768,5897,10021,3741,6336,7478,1129,148,2820,3375,4825,489,5313,53637,8698,9131,9294,100527963,11243,3163,1134,2235,284,406948,114907,25937,101927235,102724058,10617,1106,112755,1131,2081,22953,23271,2911,375449,5025,5099,57526,6326,6415,8514,79571,805,100507118,1241,2588,30009,3665,54982,9311,9373,9536,9948,3727,6354,10152,1593,4048,470,8645,120227,80169,7476,2915,3749,338382,81027,169026,51088,10533,2170,29952,468,6915,831,5770,4486,5996,100126313,100313838,10062,101,10866,112574,256297,3242,3263,350,406901,406940,406941,407000,407004,407019,442905,442912,4860,50616,574434,5858,6480,6590,693177,79600,84649,9002,100128977,100129583,100287944,100359403,100631383,101929655,102724307,10295,1272,136853,147081,154043,1609,1620,162540,199,2244,22876,254428,2580,339105,342125,401884,4099,4905,51693,55532,55974,56922,57111,6014,6456,64710,7784,79780,80333,84286,84660,9726,9842,57084,374569,100126315,100126318,10014,10243,1393,26086,27161,374868,401145,406927,406929,406946,406995,442913,442914,494329,494333,55714,574441,57554,57586,6870,79664,814,9252,9455,10367,5153,635,3776,10150,126,145858,23552,2693,347735,50833,54622,55213,5726,886,9095,2674,6335,3064,11280,5024,5598,60675,191,4713,5532,56899,2948,4257,5311,5413,56894,6709,8622,9118,6620,113235,51312,79143,102465537,1213,22872,64434,79080,973,974,284111,406924,664617,56848,1314,2157,54414,5913,716,7293,10327,333929,4942,6652,1358,1504,1757,37,5106,6187,27429,6445,4572,311,4053,10102,137735,64651,7134,7709,100188853,100188854,10376,10487,10576,11138,11343,118429,220164,25796,5019,54503,5683,5906,799,92344,10142,10308,10443,118856,22902,29896,414062,4616,4714,54345,54469,55422,57162,5991,6314,6498,6742,7109,79101,8554,8975,9034,10398,100129940,100188782,100507098,100526783,101927736,101928423,10239,102725019,10296,10363,10644,10984,11124,11132,116985,145741,1607,162515,169792,201232,204010,26276,2642,286,2869,2888,3784,388125,50982,5184,54901,5506,55133,55656,56999,5937,6000,619554,646736,723961,728723,7325,7466,80003,80790,83795,89822,92002,92737,94241,9479,9559,9861,11213,1946,2277,7070,84335,89780,170302,5277,101927366,346171,547,7058,6718,7036,406943,51703,6341,9973,100506742,256892,259197,2995,4055,493,387582,522,6508,8841,101928236,114803,285600,339529,85019,3718,10803,6361,6363,6374,2815,3704,2165,51156,196527,9755,10346,10410,10964,24138,2633,27348,3429,3433,3437,4939,4940,5359,54809,55008,55601,64108,64761,6614,710,7503,80830,9246,9636,100529262,100529264,11097,123688,132320,192668,260431,283229,57484,79890,80195,977,26270,4924,79139,8451,8454,9978,1581,4010,1184,4358,126133,22900,254263,4296,56606,11035,5777,6693,729,9450,1376,4571,5837,7136,4553,4569,100874011,101927260,101927774,129446,151887,284382,339400,386653,5017,54778,6367,6868,5971,1828,3126,3127,50856,7425,197,6575,8074,9213,9356,1236,915,23516,1999,362,3745,100126309,123264,200931,407012,494323,494326,5603,5962,644,693121,80270,9962,9963,1004,6549,203286,406997,407032,442895,91147,80332,2027,23576,2570,27040,27306,3101,3556,3581,54210,56624,6430,6489,7051,7104,94235,100188321,100188807,100188808,100188825,117191,387575,444980,50986,4628,64423,406934,406964,406968,407011,407018,407020,407022,442902,442911,494324,574030,574034,574411,574412,574435,574450,693167,768212,1237,2826,55163,6640,6754,6755,8566,1174,26471,4047,427,440,55062,79153,7032,10763,2746,284276,100874375,10529,254827,3053,55245,57153,60676,653140,6838,6875,728215,728755,8089,91584,9727,120237,170825,2251,2637,2664,2892,3297,340990,3797,6404,794,291,4635,58498,6902,116443,400499,83851,89797,101929279,5644,79710,9075,84152,11251,6324,6330,170534,23317,26281,2747,5072,677662,6908,9627,116068,51447,80704,1861,2774,55145,6342,1732,4654,53834,4563,4565,4634,3040,845,5723,728294,9056,54487,7225,79679,100288687,22947,2483,4060,779,92667,5023,100507053,54437,55027,51024,5538,55669,1082,6866,149775,26249,7830,8675,1601,125972,5318,1759,25977,6812,79751,9091,100188850,10512,223117,246321,246322,404719,404720,4902,4758,101929680,4179,63982,10008,3752,54795,55800,7871,9722,11155,1837,57644,6901,127602,29855,4703,5476,55901,79623,8323,8736,1602,22884,256764,64849,6540,7029,79029,8395,9027,92912
3485,2309,1528,5167,8801,26037,23411,51738,8856,1066,1780,3044,3953,5467,7350,7364,2512,7291,3778,590,2696,2262,27125,55315,3952,79068,7018,7442,125,1630,3481,2778,4544,6337,2147,1489,1282,2784,3949,2643,3290,781,6580,10840,2688,364,3929,5105,761,8431,100128714,1363,32,3483,412,4160,5360,57761,6720,79661,834,100129620,1002,100286844,100506457,100526835,10082,100874326,101927414,101927712,101929328,102723742,10667,10743,114294,1149,115,116328,1232,1238,126567,129787,130013,132789,134359,1350,1361,137868,1431,145264,146513,151742,155,158038,161145,161357,181,1826,1892,1947,196475,2110,2119,2166,221002,22941,23057,23164,23194,23216,23274,23331,23410,23788,2532,253260,253559,257194,25861,25970,26002,26009,26011,26053,26291,266722,2673,2752,2780,284900,285282,3033,3099,3148,3213,3215,3358,3382,338811,34,342346,3428,353126,3710,375612,3818,388815,392636,400954,400955,404266,404683,406960,407040,4145,4159,4199,4329,4519,4594,4660,4673,4685,47,4808,4814,4864,4886,4889,4915,497258,50650,5079,50859,5101,51057,5122,5126,5209,5346,5367,54,54205,54454,54511,55129,55663,55690,55722,5577,5583,5607,5619,56623,56694,5697,57118,57521,6251,63027,63940,641808,645355,64756,65065,6521,6546,6710,6905,7021,7133,732275,7385,7436,79042,79047,79874,79949,80125,80216,815,8165,84318,84795,85378,8564,8803,8882,89766,89853,9037,9194,92196,9369,9607,9672,9866,9970,8701,100380876,100462725,25813,27087,80339,100313923,406931,406942,406952,4547,51547,1382,197322,4735,55752,4651,157273,23644,2590,57818,84811,10569,11217,114882,140609,1783,23014,26958,285172,4232,4430,51091,51141,51194,51449,55055,55187,5631,57620,5986,6158,6234,6711,84064,8470,91404,10329,10585,11041,148789,2218,29954,55624,79147,84197,84892,100188812,100188813,100188839,100302512,100302561,114781,192142,450097,5919,57539,6938,2813,89866,101929582,101929620,131034,145820,221935,29951
5174,5176,1387,2264,472,54756,5591,5728,672,10257,1588,2192,2878,3292,3489,406991,54361,6414,655,6715,6716,8644,8648,8829,9687,1191,1647,1950,1958,5329,8339,8379,84519,3558,5444,1548,1571,1786,2886,3399,4968,5074,563,7367,780,8202,8797,9420,1200,142,154,2052,2068,2690,2950,3606,3690,4193,467,5530,581,658,675,6757,6820,842,9,9709,54790,55512,101669767,10397,10961,3732,4292,55577,5595,6387,7048,7431,7432,81567,857,9518,1012,1586,2272,4036,4883,1026,1027,11009,153090,2065,2697,2944,2952,4353,55840,7015,81037,1902,2078,3717,861,928,1410,1508,1509,210,3945,4074,43,4585,6928,9817,1474,26227,356,4780,55829,7039,3486,7421,3303,384,2296,3091,23476,23635,10,10481,10499,10551,1543,1576,1789,2118,2255,3169,3490,367,3925,4282,4311,6528,9968,4502,6462,7704,811,5179,8000,23600,2947,6948,8667,5144,567,7515,9446,23671,3283,3284,3977,7110,93611,1557,2932,3048,894,1577,5420,28,3667,4023,64240,6581,10928,4158,6558,796,6817,873,4322,6038,6783,6822,1672,10207,3708,51181,56924,7352,1266,2678,4072,7430,9177,2012,23753,3603,7185,221895,306,858,10013,100188789,10040,10158,10263,10333,10417,10439,10516,10587,10625,10809,10945,10948,10951,10955,11005,11176,11178,11187,114609,116113,12,1316,1317,1365,1366,136991,143686,1465,1469,1488,150084,1562,1605,1775,2014,2115,2182,222546,22853,23071,23197,23204,23301,23382,2346,246778,25792,25818,2591,25932,26298,26499,2650,27134,27173,27232,27294,2787,2803,283237,28999,29,29087,2923,2925,2938,29893,30008,3047,3092,316,3171,3187,3232,3248,3249,328,3293,3326,347747,354,3728,373156,3817,389058,3913,3915,408259,408260,4437,4477,4507,4601,4610,463,4669,4683,4782,4804,4824,4925,5034,5100,51084,51132,51135,51227,51341,5160,51651,51655,5172,5224,5273,5293,53916,5396,54363,54535,55210,55256,55312,5567,55819,55827,5590,5610,5611,5652,56616,56849,57185,572,5796,5859,5887,59084,59344,6019,6041,60526,60528,606293,6134,6136,6185,619402,6223,6237,6256,6293,6296,632,6376,64374,64816,6541,664,6695,6746,6768,678,6836,6916,6950,7012,7079,7100,7111,7113,7114,7162,7163,7164,7178,7184,7263,7366,7371,7546,7763,7834,79574,79689,79784,79807,7984,7991,8086,826,83259,83606,8365,8405,8409,84818,8495,8537,8615,8661,8702,8720,8804,8854,8895,8932,90338,9080,9189,9203,92105,9380,9538,9566,9985,10848,883,1977,80326,9411,220972,2048,101805488,26575,3782,6799,4029,5520,5529,6832,100505495,100846978,101867536,101928075,101928165,101929081,102724596,11074,170626,173,201625,22995,23035,253461,26019,29841,357,390443,4739,51426,54847,55204,55275,60678,64641,64759,727677,728114,79083,79954,81603,84071,5522,5525,636,102800310,1306,171024,257202,284654,401022,57522,79915,100188784,55806,147700,5893,9333,100861550,101928923,25817,753,81846,10046,11336,139189,1768,23498,285740,285943,29080,3201,6764,8887
5587,221037,23135,23774,64324,93986,2908,30061,3600,3912,4128,4129,100820829,10810,10826,10950,11252,113,122416,1390,139105,146225,150094,153020,157922,1844,1846,196441,1998,2017,203228,2120,2209,22864,23043,23074,23080,23093,23166,2354,2355,23764,27086,2766,2791,283131,3012,3084,3310,340205,353514,366,3674,3693,4026,4133,473,5008,51320,5187,5239,54502,54757,55,64224,6515,694,7027,7057,7130,7280,732,7324,7844,81565,8291,83699,84281,84441,84981,85413,8794,926,9334,9468,9690,9873,9886,2475,4790,6091,8991,2571,27257,5740,6925,23236,6426,100130460,100506532,100506697,100528007,100529257,101927697,105,114792,125150,144100,152330,200810,219621,221692,2242,22834,22978,254102,27347,2887,3010,4134,4856,4978,54986,55333,55553,5593,57412,57480,57568,6196,6311,783,80777,83696,93589,9570,100,1136,1139,5071,7508,4763,481,5142,7249,114788,3570,50944,5816,7248,81562,8242,835,91752,9745,9820,5021,6472,6855,4855,627,65217,776,3198,1116,5371,8216,1312,5080,1137,2290,429,4842,5625,6334,6531,6573,1463,3908,9759,22854,284217,2903,406900,5579,2739,6343,7328,488,160851,84735,23293,54805,119032,140733,775,133,10752,10806,22997,3356,56603,64478,5045,27185,3269,3363,4923,6863,80034,2918,3672,10274,23228,4204,4520,8604,11141,10000,100196913,100329170,100507431,100528016,101927134,101927279,101928630,101928882,10198,102724457,10641,10718,10814,10815,1108,11278,115111,116369,116987,1182,119749,131177,132200,133482,146279,147657,147929,160777,1610,166378,1739,1812,1814,1815,1983,203062,2107,220988,221393,222698,22906,23314,23731,23780,255101,2559,2561,2563,2572,25791,25797,25874,259173,26047,26051,26058,267012,2694,27184,280636,2823,288,2898,2901,2904,2906,29115,29119,2912,2913,2931,2989,3094,319100,3362,338442,339230,347689,348327,348751,348980,3632,3699,3700,3703,3836,387032,387509,400765,4035,404686,406928,407025,407026,4124,4538,4729,4775,4900,4908,4914,5062,5108,51150,5286,5291,5362,54659,54806,55206,55366,55568,55717,55733,55737,55741,55824,5639,5649,56957,57142,57188,57476,57502,57688,5973,6002,60493,607,619488,6365,6377,6378,63826,63944,641372,64919,65078,6529,6532,6671,6733,6854,6942,7166,7434,7444,7726,79018,80145,80832,816,8295,837,83857,83943,8400,8401,84062,84334,8452,84547,84628,84678,8542,8787,8806,90139,90273,90952,91574,9162,92017,9378,94026,9508,9600,9628,9638,9651,9685,9947,9993,114088,1816,3351,54504,1959,5366,9855,3105,80781,220,4139,270,401237,81704,7528,79783,1141,4909,259217,23245,23307,3359,79750,18,2558,2593,3737,54715,8828,2890,4985,2555,3352,8048,2550,79809,151,5175,5551,6660,4163,116442,2562,4208,57282,6323,7337,79944,8831,40,9254,100188790,100188851,101927066,10335,192115,317773,337892,338567,387576,4209,4326,51253,57574,63976,79054,79723,8976,9457,1717,29123,100187724,100188314,100188317,100188816,100188820,100188832,1007,1008,101928890,10771,11281,117583,121278,139411,151556,152789,158,1600,170572,1745,1746,192683,200150,2020,205428,2131,221035,22871,22999,23078,2332,23394,2554,2556,2557,2560,26056,26470,26960,27044,282553,285195,29091,3069,3346,3361,3567,36,361,3628,387577,3927,407010,438,4642,4862,5067,5141,51592,51725,51733,5307,53615,54221,54413,54538,54551,552,554314,57194,57575,57680,6092,6332,64221,64326,643586,6535,6779,6804,686,6999,721,7472,7812,8128,8456,85358,8912,8930,9013,9025,9228,93664,94313,9568,9732,108,114134,1769,55825,100188861,1181,1957,353124,432400,780913,785,846,283989,80746,5582,100190790,100190791,114784,143689,158067,200373,201134,2013,22801,23284,2917,3682,4122,450087,450088,450089,450090,83706,9914,112398,1142,10144,132,101927421,101927998,102723706,102723722,11075,158435,164684,166752,27445,2773,431708,431709,54545,55068,55964,643542,84079,5923,5190,10256,10522,11160,112476,11253,113246,116115,120534,131669,147372,1778,23096,23152,23389,23431,26128,284403,3073,3631,374654,49855,51574,5373,54856,55148,55180,55212,55250,55596,55621,55684,55703,56270,57231,5900,5927,6309,6873,7443,767,7915,79644,80185,8290,8366,84274,84320,84879,9179,953,9901,9923,4237,784,4774,1960,22,372,773,10319,8851,9152,27074,1297,5087,7592,7252,100506385,2302,260328,285045,286183,955,4543,81696,4998,10160,114786,140683,143098,143379,143458,143503,147685,1653,1793,1962,22925,22998,23034,23214,253782,25807,26230,27146,2893,29922,344805,3983,401207,4482,51082,51660,54927,55297,55742,55930,57451,5768,57733,64131,7260,79632,79875,80031,80095,80206,81035,83938,84247,84871,8569,9271,9465,9557,9748,4340,23063,338342,9910,100128505,100507346,101928765,101929558,10428,120935,23500,4277,450095,51665,51702,57117,6638,81706,8728,8872,9828,101929054,102724068,1109,11320,132160,149465,157,167681,23383,245,285375,287015,341880,55304,7226,79703,79772,84952,8650,8722,994,100302150,100422970,100506606,100533975,144406,153830,163,26052,2972,4778,51012,51272,51281,55604,55711,57551,79774,8997,91828,9911,57582,100528022,317761,388336,5095,56479,57369,5801,79698,100359401,10579,1665,393093,399959,4285,443,4990,5959,646960,6641,84690,151531,1735,347731,3720,54674,57496,6433,6567,6907,79742,9248,9379,95681,1741,23229,4983,641339,65109,7552,3800,7283,10939,1822,26278,3746,378884,5274,57465,7957,114327,50966,51305,8629,10293,10733,80254,100126594,3786,449018,50715,140451,146057,342371,5521,6310,6712,84991
6651,284058,546,56172,7042,3772,4088,5727,2624,406947,8772,10253,2074,317,6526,1055,158326,285590,30813,3340,6469,657,204,23562,375611,494513,5077,83715,84947,9381,2303,8928,9464,10265,1827,2138,2348,25836,3200,5308,64220,6910,7353,2114,6913,7050,64968,5121,4087,2720,2736,3150,2618,8131,2992,2897,3954,10069,10215,10311,10317,10600,10694,11096,116159,116448,150082,1637,1859,23515,2551,25825,25966,2623,26285,29104,29980,30811,3141,3454,3455,351,3588,3753,3763,4513,4600,53820,539,54014,54069,54093,54097,54101,54102,54148,54943,56246,56911,571,57466,58494,6285,63977,6450,6453,6493,7074,7267,7485,757,8208,8624,874,8867,9073,94104,9551,9875,9946,9980,9992,7273,54796,4880,5156,10683,4488,11127,5648,84282,2350,27443,4522,57216,57822,6497,6862,81839,85416,2245,8575,1409,1415,4054,6730,3664,84627,54499,6834,1301,57560,146862,5916,867,1302,282808,9719,1452,7068,6569,10269,8322,6259,3339,50964,6399,10588,2253,23743,9935,4335,7043,10036,3301,51182,6283,1911,27245,283635,54617,57102,57511,5813,92154,9871,129563,4810,8671,1146,27164,79048,10084,26277,407975,6299,100288805,10238,11285,113189,145258,1749,1750,1836,2077,2239,2299,23169,26229,286077,29927,3166,3211,5251,57167,60529,6495,6949,7547,78989,80146,80714,8092,9270,9569,9786,124925,192134,23024,339231,341640,342667,84630,1119,25828,5110,5130,4038,91252,2619,4838,50937,6997,84976,117190,3244,57045,1414,1420,1421,1427,2584,2703,3982,4284,5309,26608,3984,5982,7461,81554,9031,100287932,10171,10260,164656,2639,55692,83986,896,100287616,120526,196294,26610,2762,51071,60312,114086,6135,6154,6165,6204,6218,6229,6235,90121,116461,127343,25930,271,8785,93627,1417,2700,631,79443
5605,3066,3371,405,1028,9846,128611,53353,3205,8028,23532,6098,2767,2776,23512,4157,7299,340273,130540,2066,4317,100307118,100307119,100307120,100307121,100307122,100307123,26166,353238,378805,434,51151,7053,2150,25913,1280,5909,55504,6850,3442,6392,84142,22913,8029,5604,2185,57678,100381270,101927835,101928292,102724536,10717,11086,124359,126549,129080,152110,252983,3783,400406,440193,5083,5195,5283,57591,63876,643714,647121,6478,64858,7140,729582,79931,80129,8178,81847,83539,91433,9497,5800,9317,102724814,123099,162333,221079,284252,29994,85461,8906,98,1017,1407,1408,5657,1740,5078,3295,5189,5192,5193,5194,55670,5824,5828,5830,8504,8799,9409,6565,100996521,10557,10589,10963,11098,114795,116071,116150,1207,128869,160762,161291,170589,172,1823,1896,202559,2035,220929,221074,221294,222537,22914,23270,23742,245806,25842,26472,26503,26507,283130,283316,285761,29103,29901,30062,3238,338398,3619,3820,402,4241,4293,4647,5305,5332,54663,55014,55149,55331,5537,55862,56128,56925,57120,57700,58189,5880,5922,6188,64215,64799,6494,6538,6860,7365,740,7536,80070,80723,823,83638,8398,84285,8558,9088,9610,9689,9712,9832,9869,144568,23522,6654,6655,8036
84159,10628,10666,2289,3115,3516,3575,1493,6556,7852,800,8013,9308,7307,8877,23643,57007,1445,1776,2638,3586,6441,1978,60468,9145,25953,3566,8836,2706,330,8320,10019,101929163,10766,114904,116449,1235,3559,53347,56244,57178,64094,64135,64375,6503,7038,80736,8635,8924,1404,2356,9415,5721,6821,50604,3899,2212,64805,914,23294,3654,7189,7917,4249,2315,942,3593,7128,100506023,101927437,10586,10665,10678,10745,10956,11102,11170,117289,122618,150577,151056,160364,1656,1687,171425,176,177,1803,200734,219790,22806,23534,23766,26147,285704,2870,2974,3118,3123,3236,3239,326,342132,3491,3560,3655,3663,3798,4218,4261,471,4794,4795,4982,51561,51744,5453,54541,54826,54899,55755,5588,55937,55971,5673,56901,57705,5771,57719,5911,5966,633,6355,6366,6372,639,640,652968,654,6583,6611,6772,6775,7127,7297,79016,79258,79722,81849,8200,84162,84709,84752,85313,860,8740,8764,90355,9052,9135,916,921,9355,940,9474,5479,3592,11262,3117,5027,55892,5592,1010,170679,170680,1838,23492,23495,3981,84458,9862,148867,57531,5784,8929,100533107,3107,51750,2494,100996485,101927324,10111,1001,100529151,100996583,10109,10320,11261,120400,132612,146198,149233,150962,159296,1611,1671,1811,201266,219771,23046,23252,23308,327,345611,3577,3579,3683,400935,4485,4584,51460,5334,54546,55765,55801,55876,5739,629,646982,647215,8209,8767,8807,8927,94103,9966,3176,4295,5687,7292,85480,1524,23316,11277,54106,6097,64084,397,100130503,101928940,101928947,101929231,117,117156,134430,149628,1767,222256,23108,282617,284110,286046,3113,3135,387129,414764,4589,5089,51131,6037,60495,6490,6701,7145,8809,9173,10797,200942,399717,5820,943,3122,975,100271719,10498,10547,10758,125893,140454,163702,2524,285626,29785,353143,353144,359825,400957,503613,5271,54620,55350,55770,55905,5980,6278,63869,63870,643749,65245,6773,7889,79092,81890,84648,85463,8875,8876,90134,9692,9825,10892,64411,2213,100196919,102723878,283234,9531,284119,10584,5686,101928376,6421,2113,746,84619,100188798,100188803,100188804,100190928,100196918,100322878,100379200,100532732,100874048,121260,1380,1389,170682,1773,1997,219285,2214,221527,25780,283742,2842,286016,3120,3918,404714,4439,474354,50615,5133,54887,55024,57661,59067,64695,720,7332,79932,388,919,134728,55023,4210,100130889,10067,100861468,11116,144811,151306,157869,163486,200728,22904,2358,283463,339145,400757,441108,4689,55054,5536,5699,57606,64167,677775,7448,80315,8844,8935,9635,100131327,100188846,100188870,100188871,100188872,100188873,100188874,100188875,100301522,101927156,101927840,10301,150223,284099,29851,317782,338332,387357,4650,57514,100128088,100131395,100133941,100271694,100271695,100271696,100506047,10055,100616384,101927027,101927314,101928464,101928791,10538,10636,116986,140685,1594,160365,163059,27120,284677,285362,285830,3128,3134,3574,3766,4126,4162,4234,4397,5010,51300,57727,5817,58513,642636,643,677,7410,7813,79925,79970,84769,868,923,9639,965,100128081,139716,146754,22979,29121,387103,4008,4938,51214,55384,55423,80018,100125288,100996324,101929507,102724748,11201,23040,353135,54922,64377,6586,6924,91749,100499166,1016,101928661,124460,1327,135138,55509,79747,81861,8778,100528032,29842,337867,3595,100270916,102465435,109,11007,11140,11273,126789,1673,170595,253430,2859,30829,317669,3378,403150,414236,50608,50941,50942,51174,51564,54973,57042,6016,64114,64784,80762,80824,81619,8224,8453,9158,91975,9231,9404,9777,10189,10204,10436,10808,10946,10980,1973,2208,23198,2971,3068,30835,3608,3811,3837,393,4067,4150,4927,5692,5702,5705,5709,5714,5719,5902,6349,6722,7203,7266,80273,85363,8662,8683,9230,3111,100507266,114801,130951,1369,2151,219749,221711,2241,23555,253827,30820,339559,401548,57493,730091,7388,91,9197,93979,9414,9630,4791,5016,545,5803,64072,64699,64711,9466,10412,3385,6522,6689,954,64838,100312954,100507679,114836,115352,117189,3137,50976,646702,80862,100306940,2531,79415,8170,10664,4664,5450,730109,84961,8986,100216484,100302514,100918,1120,3062,386593,494446,5032,56342,692229,692312,6955,6957,100532746,102465500,102466745,10554,135656,1797,29113,6048,7916,80864,8859,257019,257101,51251,5272,55726,6117,83481,8766,154064,79465,10903,254251,57169,101927078,253017,3781,79934,80271,90390,7535,5896,64421,102723403,204801,284417,3839,51720,54933,54971,5557,81550,84446,84515,9070,115650,8742,930,987,100302511,100499167,10344,11077,126917,23076,440854,57576,57619,60494,726,9127
121601,23026,1471,343641,8301,945,55193,56776,8738,48,6653,10979,267,2041,7167,7417,9844,6517,10452,23621,54829,274,7447,29949,3482,3492,10347,1657,6389,4720,54498,100128590,100130950,100289673,101927587,101929423,102465508,10418,10658,10858,114876,123041,137682,1378,154215,161,168667,1718,1808,196051,222255,22976,23072,23215,23237,23385,23413,23607,2567,25902,26330,27115,27328,285965,28969,29780,323,338645,3416,344148,353128,3635,388325,400511,4137,4299,4336,450086,4535,498,54209,54798,54828,55063,55351,55676,55691,5664,57091,57569,57687,5819,60412,642,644135,644873,64851,7019,7782,780912,79660,79789,801,80320,8081,84466,84888,8878,8913,932,9325,9498,9705,4556,4514,59341,23315,100128334,151827,23250,3712,64798,79991,91039,2098,100188821,100286836,10085,10149,10449,10466,10536,10971,10989,11062,1292,1311,205,23263,23321,2487,26275,26354,27071,3418,3419,4148,4728,4976,5333,5358,5455,57333,6386,692089,79763,84444,8464,8735,9961,4511,4540,4541,4558,4567,4574,4508,101927119,102060414,114902,1295,1300,23539,2444,3426,387715,389641,55013,5654,6239,6499,7936,81579,100188775,4536,4537,4539,4568,4578,4715,126328,25915,29078,374291,4570,4694,4709,4724,4726,51103,55572,79133,80224,91942,123263,1355,1738,4566,4577,51204,617,79731,4704,4705,55967,100131801,116228,1340,1352,28958,84987,4573,56947,146722,5339,54543,553103,57609,724031,80205,255520,5073,54472,653509,727897,729238,23165,5131,94003,1736,54433,55135,55505,55651,79650
7274,80025,23418,10210,5949,1406,145226,167691,23746,25794,3000,343035,3614,3769,392255,55812,57096,6121,64802,7287,7399,80184,9227,9657,9742,4901,5158,6010,6103,84839,10594,9128,153241,26160,465,55112,57728,79659,89891,10002,123016,1258,1259,130557,138050,22926,23020,23568,24148,26121,2979,346007,375298,388939,4117,4751,50939,5145,5148,55857,55975,57709,583,5961,5995,6017,6094,6100,6101,6114,6116,6295,64218,7275,7401,7439,762,768206,79797,79947,84100,84140,8481,9094,9129,92211,94137,27241,151507,319101,3822,692157,780851,79974,8360,9108,132884,27077,51259,54903,57545,65062,79583,79848,79867,11020,129880,166379,22954,54585,582,585,79738,8195,92482,22897,26146,261734,27031,27130,2779,2916,345193,4308,440435,57010,6011,60506,778,9187
161582,10309,115948,123872,221421,23639,25981,27019,345643,345895,352909,388389,51364,54768,55036,55130,55172,56683,64446,6674,83544,83861,85478,89765,92749,93233
