16246,6487,6571,6572,6573,6574,6575,6576,6577,16237,16238,14667,16243,16239,16240,16241,16242,16244,16245,16784,19427
6524
7248
6558
6803
6557
10744
11300
13121
13843
11805
13989
9283
15061
18844
15891
16872
17746
18280
16690
18276
13875
16196
15510
15990
19159
17741
16396
14311
17398
12700
17197
18505
12416
17737
16140
16085
19212
18837
17994
18199
17159
17494
10978
13895
10041
6685
6844
6491
6492,6493,6494,6495,6496,6497,6498,6499,6500,6525,6523,6521,6522,6526,6527,6528,6529,6530,6531,6532,6533,6534,6535,6502,6505,6928,6541,6539,6536,6537,6538,6547,6548,6544,6509,6510,6511,6605,6512,6513,6514,6515,6540,6518,6517,6546,6545,6561,6642,6516,6543,6542,11481,6553,6549,6550,6551,6552,6555,6556,6560,6562,6563,6564,6565,6591,6596,6597,6601,6606,6567,6568,6569,6607,6570,6602,6603,6604,6592,6584,6585,6586,6587,6588,6589,6590,6593,6594,6595,6608,6598,6599,6600,6609,6610,6611,6612,6613,6614,6615,6616,6617,6618,6619,6620,6621,6622,6627,6503,6504,6652,6724,6632,6501,6631,6628,6623,6624,6629,6635,6644,6633,6634,6637,6630,6625,6626,6640,6641,6665,6666,6667,6668,6669,6670,6672,6671,6643,6639,6645,6636,6833,6679,6680,6681,6925,6725,6726,6727,6728,6729,6662,6579,6519,6520,6580,6578,6846,6651,6683,6682,6776,6581,6777,6778,6779,6780,6781,6821,6822,6823,6824,6845,6837,6691,6656,6649,6647,6648,6741,6742,6657,6653,6654,6655,6658,6659,6660,6661,6663,6650,6989,6917,6916,6918,9809,6955,6841,6692,6684,6673,6674,6675,6676,6677,6678,6785,6786,6740,6737,6738,6739,6782,6783,6788,6787,6789,6790,6748,6743,6744,6745,6746,6747,6830,6712,6697,6698,6699,6700,6701,6702,6703,6704,6705,6706,6707,6708,6709,6710,6711,6920,6921,6857,6554,6856,6832,6854,6855,6858,6859,6768,6716,6717,6718,6719,6720,6721,6722,6723,6734,6730,6686,6687,6688,6689,6690,6693,6694,6695,8411,7109,6582,6583,6638,6878,6813,6752,6753,6754,6755,6756,6757,6758,6759,6760,6761,6762,6763,6764,6838,6812,6814,6815,6816,6843,6795,6791,6792,6793,6794,6796,6797,6798,6799,6800,6801,6802,6805,6804,6806,6807,6808,6809,6810,6811,6827,6982,6983,6839,6840,6766,6736,6732,6733,8983,6749,6750,6751,6765,6767,6769,6770,6771,6772,6773,6774,6775,6891,6892,6893,6894,6895,6945,6879,6919,6946,7175,7095,6731,6831,6829,6849,6850,6851,6852,6853,6896,6897,6898,6899,6900,6901,6902,6903,6904,6905,6906,7598,6952,6817,6818,6819,6820,6965,6959,6960,6961,6962,6963,6964,6966,6784,6834,6835,6836,6842,6847,6825,6826,7052,6993,6994,6995,6696,7014,6969,6967,6968,6970,6971,6860,6867,6868,6866,6869,6880,6881,6882,6883,6884,6885,6886,6887,6888,6889,6890,7494,6848,6863,6864,6931,6930,6932,6933,6934,6935,6936,6937,6938,6939,6940,6941,6942,6943,6944,7159,6947,6948,6949,6950,6984,6956,6957,6958,7249,7337,7149,7074,7036,6972,6973,6953,6954,6992,6988,6991,7019,6996,6997,6998,6999,7000,7001,7002,7003,7004,7005,7006,7007,7008,7009,7010,7011,7012,7013,7015,7016,7017,7018,7020,7021,7022,7023,7024,7025,7026,7027,7028,7029,7030,7031,7032,7033,7034,7035,7037,7038,7039,7040,7041,7042,7043,7044,7045,7046,7047,7048,7049,7050,7051,7053,7054,7055,7056,7057,7058,7059,7060,7061,7062,7063,7064,7065,7066,7067,7068,7069,7070,7071,7072,7073,7931,7087,7083,7084,7085,7086,7088,7089,7090,7091,7092,7093,7094,7096,7097,7098,7099,7100,7101,7106,7104,7103,7105,7190,7075,7076,7108,6907,6908,6909,6910,6911,6912,6913,6914,6915,8152,7116,7114,7115,7168,7131,7130,7132,7133,7129,6974,6975,6976,6978,6979,6980,6981,7266,7134,7135,7136,7137,7138,7139,7140,7141,7142,8108,7187,7161,7169,7162,7163,7164,7165,7166,7167,7170,7171,7172,7173,7174,7176,7117,7118,7119,7120,7121,7122,7123,7124,8928,7550,7143,7107,7144,7145,7146,7147,7148,7150,7152,7151,6987,7198,7199,7200,7201,7081,7077,7078,7079,7080,7082,8117,7358,7191,7177,7178,7179,7180,7181,7182,7183,7184,7185,7186,7188,7189,7192,7193,7244,7250,7251,7252,7253,7323,7321,7322,7338,7339,7340,7341,7386,7260,7254,7272,7257,7155,7153,7154,7156,7157,7158,7160,9979,7194,7195,7196,7197,7329,7235,6929,7539,7330,7331,7332,7347,7335,7128,7213,7202,7203,7204,7205,7206,7207,7208,7209,7210,7211,7212,7214,7215,7216,7217,7218,7222,7223,7224,7225,7226,7227,7228,7229,7230,7231,7232,7233,7236,7219,7220,7221,7695,6870,6871,6872,6873,6874,6875,6876,6877,7359,7333,7334,7548,7125,7126,7127,7547,7400,7336,7342,7259,7262,7263,7264,7267,7268,7269,7270,7271,7273,7274,7275,7276,7277,7278,7279,7280,7281,7282,7283,7284,7285,7286,7287,7288,7289,7290,7291,7292,7293,7294,7295,7296,7297,7298,7299,7300,7301,7241,7237,7238,7239,7240,7242,7243,7858,7356,7343,7344,7345,7346,7348,7349,7350,7305,7302,7303,7304,7306,7307,7308,7309,7310,7311,7312,7313,7314,7315,7316,7317,7318,7319,7352,7351,7353,7357,7355,7354,7360,7361,7362,7363,7364,7561,6985,7836,7372,7371,7373,7328,6951,7234,7408,7374,7375,7409,7398,7401,7399,7402,7403,7404,7405,7406,7407,7410,7411,7412,7413,7414,7415,7416,6646,7432,7111,7112,7113,7510,7377,7376,7378,7379,7380,7396,7390,7392,7475,7417,7418,7325,7326,7365,7366,7367,7368,7420,7419,7421,7422,7423,7424,7425,7426,7427,7428,7429,7430,7431,7433,7434,7397,7437,7435,7436,7438,7439,7440,7441,7442,7443,7444,7445,7446,7447,7448,7255,7393,7394,7395,7573,7449,7450,7451,7452,7453,7454,7455,7456,7457,7458,7459,7460,7461,7462,7463,7464,7465,7466,7467,7468,7469,7470,7486,7471,7472,7473,7474,7476,7477,7478,7479,7480,7481,7482,7483,7484,7485,7487,7488,7489,7490,7491,7492,7493,7495,7496,7497,7498,7499,7500,7501,7502,7503,7504,7505,7506,7507,7508,7509,7511,7512,7513,7514,7515,7516,7517,7518,7519,7520,7521,7522,7523,7524,7525,7526,7527,7528,7529,7530,7531,7532,7533,7534,7535,7536,7537,7538,7540,7541,7543,7544,7545,7549,7546,7552,7555,7551,7553,7387,7388,7389,7554,7556,7557,7558,7559,7560,7562,7564,7382,7381,7383,7384,7385,7918,7369,7370,7698,7565,7563,7566,7567,7568,7569,7571,7570,7574,7572,7575,7576,7577,7578,7579,7580,7581,7582,7583,7584,7585,7586,7587,7588,7589,7590,7591,7592,7593,7594,7595,7596,7597,7599,7600,7601,7602,7603,7604,7605,7606,7607,7608,7609,7610,7611,7613,7612,7614,7615,7616,7618,7619,7620,7621,7622,7623,7624,7625,7626,7627,7628,7629,7630,7631,7632,7633,7634,7635,7636,7637,7638,7639,7640,7641,7642,7643,7644,7645,7646,7647,7648,7649,7650,7651,7652,7653,7654,7655,7656,7657,7658,7659,7660,7661,7662,7663,7664,7665,7666,7667,7668,7669,7670,7671,7672,7673,7674,7675,7676,7677,7678,7679,7680,7681,7682,7683,7684,7685,7686,7687,7688,7689,7690,7691,7692,7693,7694,7696,7697,7699,7700,7324,7869,7758,7701,7702,7703,7704,7705,7706,7707,7708,7709,7710,7711,7712,7713,7714,7715,7716,7717,7718,7719,7720,7721,7722,7723,7724,7725,7726,7727,7728,7729,7730,7731,7732,7733,7734,7735,7736,7737,7738,7739,7740,7741,7742,7743,7745,7744,7746,7747,7748,7749,7750,7751,7752,7753,7754,7755,7756,7757,7762,7759,7760,7761,7763,7764,7765,7766,7767,7768,7769,7771,7772,7770,7773,7778,7779,7780,7781,7782,7783,7784,7785,7787,7788,6990,7794,7791,7789,7790,7792,7793,7795,7796,7797,7798,7809,7806,7807,7808,8037,7815,7813,7814,7816,7817,7866,7830,7831,7832,7833,7834,7835,7837,7840,7843,7844,7845,7846,7829,7799,7800,7801,8544,7823,7821,7822,7828,7825,7826,7827,7803,7872,7870,7871,7873,7874,7902,7841,7838,7839,7842,7851,7847,7848,7849,7850,7852,7853,7854,7855,7856,7862,7859,7860,7857,7861,8014,7863,8426,7864,7865,7877,7878,7892,7886,8062,7894,7895,7880,7893,7903,7879,7391,7774,7775,7776,7777,7906,7896,7897,7898,7899,7900,7901,7904,7805,7982,7875,7876,8017,7868,7922,7905,7907,7908,7909,7910,7911,7912,7913,7914,7915,7916,7917,7824,8599,7978,7919,7920,7921,7923,7924,7925,7926,7927,7928,7929,7930,7932,7933,7934,7935,7936,7937,7938,7939,7940,7941,7942,7943,7944,7945,7949,7950,7951,7952,7953,7955,7946,7261,7947,7956,7954,7957,7958,7959,7960,7961,7962,7963,7964,7965,7966,7867,8026,7967,7968,7969,7970,7971,7972,7973,7974,7975,7976,7977,7979,7981,7980,7983,7984,7985,7986,7987,7988,7989,7990,7991,7992,7993,7994,7995,7998,7997,7999,8000,8003,8004,8005,8006,8007,7811,7812,8032,8009,8001,8002,8008,8010,8033,8011,8012,8015,8016,8018,8013,8019,8020,8021,8023,8022,8024,8025,8027,8028,8029,8030,8031,8034,8035,8036,8075,8038,8039,8040,8041,8042,8043,8044,8045,8046,8047,8048,8049,8050,8051,8052,8053,8054,8055,8056,8057,8058,8059,8060,8061,8063,8064,8065,8066,8067,8068,8069,8070,8071,8072,8073,8074,8076,8077,8078,8079,8080,8081,8082,8083,8084,8085,8086,8087,8088,8089,8090,8091,8092,8093,8094,8095,8096,8097,8098,8099,8100,8101,8102,8103,7996,8158,8104,8105,8106,8107,8109,8110,8111,8112,8113,8114,8118,8115,8116,8123,8120,8119,8121,8122,8124,8125,8126,8127,8128,8129,8130,8131,8132,8133,8134,8135,8136,8137,8138,8139,8140,8141,8142,8143,8144,8145,8146,8147,8148,8149,8150,8151,8153,8154,8155,8156,8157,8159,8160,8161,8162,8163,8164,8165,8166,8167,8168,8169,8170,8171,8172,8173,8174,8175,8176,8177,8178,8179,8180,8181,8182,8183,8184,8185,8186,8187,8188,8189,8190,8191,8192,8193,8194,8195,8196,8198,8197,8199,8200,8201,8202,8203,8204,8205,8206,8207,8208,8209,8210,8211,8212,8213,8214,8215,8216,8217,8218,8219,8220,8221,8222,8223,8224,8225,8226,8227,8228,8229,8230,8231,8232,8233,8234,8235,8236,8237,8238,8239,8240,8241,8242,8243,8244,8245,8246,8247,8248,8249,8250,8251,8252,8253,8254,8255,8256,8257,8258,8259,8260,8261,8262,8263,8264,8265,8266,8267,8268,8269,8270,8271,8272,8273,8274,8275,8276,8277,8278,8279,8280,8281,8282,8283,8284,8285,8286,8287,8288,8289,8290,8291,8292,8293,8295,8296,8297,8306,8299,8300,8301,8302,8303,8304,8305,8310,8311,8312,8313,8314,8315,8316,8317,8318,8319,8320,8321,8322,8323,8324,8325,8326,8298,8332,8327,8307,8308,8309,8329,8328,8330,8331,8333,8334,8335,8336,8337,8341,8338,8339,8340,8342,8343,8345,8346,8344,8347,8348,8349,8350,8351,8352,8353,8354,8355,8356,8357,8358,8359,8360,8361,8362,8363,8364,8365,8366,8368,8369,8374,8370,8371,8372,8373,8375,8367,8376,8377,8378,8379,8380,8381,8382,8383,8384,8385,8386,8387,8388,8389,8390,8391,8393,8392,8395,8396,8397,8400,8398,8404,8407,8408,8394,8409,6865,10523,8438,8423,8424,8425,8413,8414,8447,8401,8402,8405,8406,8415,8416,8417,8418,8422,8453,8427,8403,8410,8412,8473,8454,8428,8429,8430,8431,8432,8433,8434,8435,8436,8437,8439,8440,8441,8442,8443,8444,8445,8446,8449,8450,8451,8452,8448,8419,8455,8456,8457,8458,8459,8460,8461,8462,8464,8463,8465,8466,8467,8468,8469,8470,8471,8472,8474,8523,8524,8516,8517,8518,8519,8520,8521,8522,8475,8476,8500,8488,8478,8479,8534,8491,8492,8493,8531,8501,8494,8495,8496,8497,8498,8499,8484,8566,8420,8708,8689,8627,8542,8528,8514,8538,8526,8532,8510,8511,8512,8529,8530,8525,8540,8539,8527,8533,8535,8485,8486,8487,8536,8545,8543,8541,11986,8622,8561,8556,8558,8503,8504,8570,8554,8515,8537,8477,8480,8567,8575,8569,8555,8557,8559,8560,8585,8505,8506,8507,8508,8509,8710,8711,8712,8713,8714,8715,8618,8606,8591,8581,8564,6926,6927,8562,8563,8946,8571,8572,8573,8574,8582,8576,8577,8578,8579,8580,8829,8590,8587,8502,8588,8589,8592,8593,8594,9307,9306,9308,9309,9310,8716,8598,8602,8613,8607,8605,8608,8609,8610,8611,8612,8614,8615,8616,8617,8619,8620,8621,8623,8624,8625,8945,8586,8944,8644,8633,8634,8596,8595,8635,8636,8637,8626,8628,8629,8630,8631,8632,8720,8653,8638,8639,8640,8641,8642,8643,8645,8646,8647,8648,8649,8650,8651,8652,8654,8655,8656,8657,8658,8659,8660,8661,8662,8663,8664,8665,8666,8667,8668,8669,8670,8671,8672,8673,8674,8675,8676,8677,8678,8681,8680,8684,8682,8679,8683,8685,8721,8718,8717,8719,8827,8828,8950,8951,8952,8963,8779,8686,7810,9280,8687,8783,8776,8769,8770,8771,8772,8764,8803,8778,8774,8775,8777,8780,8781,8490,8782,8795,8722,8723,8724,8725,8726,8727,8728,8729,8730,8731,8823,8821,8788,8789,8790,8791,8792,8965,8688,8690,8691,8693,8695,8696,8697,8698,8546,8547,8548,8855,8811,8703,8699,8700,8702,8706,9931,8761,8760,8762,8737,8732,8733,8734,8735,8736,8738,8763,8489,10319,8704,8705,8969,8825,8826,8822,8824,8835,8841,8867,8806,8807,8808,8809,8810,9168,8817,8816,8818,8819,8820,8931,8930,8955,8805,8804,8840,8839,8921,8842,8843,8850,8851,8852,8853,8854,8856,8857,8858,8859,8860,8861,9000,9001,8966,8924,8830,8831,9233,8926,8934,8933,8935,8936,8937,8879,8865,8866,8877,8868,8753,8751,8739,8740,8741,8742,8743,8744,8745,8746,8747,8748,8749,8750,8752,8754,8755,8756,8757,8758,8759,9547,8956,8953,8597,8954,9030,8964,8985,8982,8984,8986,8869,8870,8871,8872,8873,8874,8875,8876,8878,8947,8979,8976,8977,8978,8980,8981,8996,8988,8987,8989,8990,8991,8992,8993,13914,8994,8995,8997,8998,8999,9076,8884,8709,8833,6559,8832,8834,8765,9153,9002,8812,8797,8707,8784,8785,8786,8796,8798,8799,8800,8801,8802,8844,8845,8962,9119,8890,8838,8836,8837,10463,8880,8881,8882,8883,8885,8886,8887,8888,8889,8766,8767,10370,8929,8927,9081,8970,8968,8971,8972,9031,9032,9033,9017,9014,9018,9019,9020,9021,9022,9023,9024,9009,8583,9007,9005,9006,9008,9036,8932,9028,8957,8958,8959,8960,8961,10135,9038,9016,9043,9015,8862,9262,9315,9011,10452,8863,8925,10084,10085,9042,9025,9026,8773,9045,9027,9034,9035,9037,9039,8892,8893,8891,8899,8900,8901,8894,8895,8896,8897,8898,8902,8903,8904,8905,8906,8907,8908,8909,8910,8911,8912,8913,8914,8915,8916,8917,8918,9225,9044,9040,9041,9046,9087,8849,10114,9003,8920,8919,9063,9061,9062,9064,9065,9066,11940,9203,9097,9067,9068,9069,9070,9071,9072,9004,9144,9073,9074,9075,9164,9148,9057,9047,9048,9049,9050,9051,9052,9053,9054,9055,9056,9058,9082,9077,9079,9078,9080,9083,9084,9085,9086,9010,9059,9060,10155,10156,9217,9210,9212,9213,9091,9088,9089,9090,9092,9093,9094,9096,9095,9100,9098,9099,9101,9102,9103,9104,9105,9106,9107,9108,9109,9110,9111,9112,9113,9114,9115,9116,9117,9118,9120,9121,9122,9123,9124,9125,9126,9127,9128,9129,9130,9131,9132,9133,9134,9135,9136,9137,9138,9139,9140,9141,9142,9143,9145,9146,9147,9149,9150,9151,9152,9154,9155,9156,9157,9158,9159,9945,9191,9192,9193,9194,9195,9196,9197,9198,9199,9200,9201,9314,9810,9811,9815,9214,9173,9162,9163,9165,9166,9167,9169,9170,9171,9172,9174,9175,9176,9177,9178,9179,9180,9181,9182,9183,9184,9185,9186,9187,9188,9189,9190,9460,9324,9323,9325,9326,9327,9322,9330,9328,9329,9331,9332,9333,9334,9335,9336,9337,9338,9339,9340,9341,9342,9343,9344,9234,9215,9216,9218,9219,9220,9221,9222,9223,9224,9226,9211,9248,9247,9249,9204,9202,9205,9206,9318,9250,9251,9252,9253,9254,9255,9256,9257,9258,9259,9260,9261,9317,9316,9319,9320,9497,9243,9231,9227,9228,9229,9230,9232,9473,9264,9265,9470,9351,9345,9346,9347,9348,9349,9350,9352,9353,9354,9355,9356,9357,9358,9359,9360,9361,9362,9363,9364,9365,9366,9367,9368,9369,9370,9371,9372,9373,9374,9375,9376,9377,9378,9379,9380,9381,9382,9383,9384,9385,9386,9387,9388,9389,9390,9391,9392,9393,9394,9395,9396,9397,9398,9399,9400,9401,9402,9403,9404,9405,9406,9407,9408,9409,9410,9411,9412,9413,9414,9415,9416,9417,9418,9287,11710,9419,9422,9420,9421,9430,9423,9424,9425,9426,9427,9428,9429,9431,9432,9433,9434,9435,9436,9437,9438,9439,9244,8967,8938,8939,8940,8941,8942,8943,9245,9246,9468,9440,9296,7818,7819,9294,9295,9297,6506,6507,6508,10397,9311,9312,9313,9814,9541,9456,9441,9443,9444,9445,9450,9448,9442,9446,9447,9449,9452,9451,9453,9454,9455,9457,9458,9459,9461,9462,9463,9464,9465,9466,9467,9469,9286,9277,9530,9515,9516,9517,9518,9519,9520,9521,9522,9523,9524,9525,9526,9527,9528,9529,9531,9532,9535,9533,9534,9536,9537,9538,9539,9589,9590,9591,9237,9238,9239,9208,9207,9209,9551,8815,8813,8814,12422,9596,9597,9598,9599,9600,9601,9602,9603,9604,9605,9606,9607,9608,9609,9610,9611,9612,9263,9279,9276,9267,9268,9269,9270,9271,9272,9273,9274,9275,10115,9594,9540,9542,9556,9557,9558,9642,9613,9614,9615,9616,9617,9618,9619,9620,9621,9622,9623,9624,9625,9626,9627,9628,9629,9630,9631,9632,9633,9634,9635,9636,9637,9638,9639,9577,9572,9559,9560,9236,9235,9885,9816,9576,9574,9562,9561,9563,9564,9565,9543,9566,9567,9568,9569,9570,9571,9573,9593,9595,9739,9640,9641,9643,9644,9645,9646,9647,9648,9649,9650,9651,9652,9653,9654,9655,9656,9657,9658,9659,9660,9661,9662,9663,9664,9665,9666,9667,9668,9669,9670,9671,9672,9673,9674,9675,9676,9677,9678,9679,9680,9681,9682,9683,9684,9685,9686,9687,9688,9689,9690,9691,9692,9693,9694,9695,9281,9278,9282,9794,9720,9507,9471,9472,9321,9161,10396,10303,9285,9733,9696,9697,9698,9699,9700,9701,9702,9703,9704,9705,9706,9707,9708,9709,9710,9711,9712,9713,9714,9715,9716,9717,9718,9719,9721,9554,9545,9544,9546,9548,9549,9550,9552,9553,11477,9722,9723,9724,9725,9726,9727,9728,9729,9730,9731,9732,9734,9735,9736,9737,9738,9740,8768,10553,10000,9743,9742,9744,9745,9741,9747,9746,9748,9749,9750,9751,9752,9753,9754,9755,8793,8794,10541,10010,10011,10160,9802,9776,9777,9288,9299,9298,9300,9301,9302,9303,9304,9305,10163,10159,10161,10162,10164,9778,9779,9780,9781,9782,9783,9784,9785,9786,9787,9788,9789,9790,9791,9792,9793,9795,9796,9797,9798,9799,9800,9801,9803,9804,9805,9806,9807,9981,9980,10429,9511,9474,9475,9476,9477,9478,9479,9480,9481,9482,9483,9484,9485,9486,9487,9488,9489,9490,9491,9492,9493,9494,9495,9496,9498,9499,9500,9501,9502,9503,9504,9505,9506,9508,9509,9510,9512,9513,9514,10097,10291,10203,9817,9818,9819,9820,9821,9822,9823,9824,9825,9808,9813,9830,9826,9827,9828,9829,9831,9832,9833,9834,9835,9836,9837,9838,9839,9840,9841,9842,9843,9844,9845,9846,9847,9848,9849,9850,9851,9852,9853,9854,9855,9856,9857,9858,9859,9860,9861,9862,9863,9864,9865,9866,9867,9868,9869,9870,9871,9872,9873,9874,9875,9876,9877,9878,9879,9880,9881,9882,9883,9884,9886,9887,9888,9889,9890,9891,9892,9893,9894,9895,9900,9901,9902,9903,9904,9905,9906,9897,9898,9899,9908,9910,9907,9909,9911,9912,9913,9914,9915,9916,9917,9918,9919,9920,9921,9922,9923,9774,9756,9757,9758,9759,9760,9761,9762,9763,9764,9765,9766,9767,9768,9769,9770,9771,9772,9773,9775,10217,10207,9965,9964,9963,8601,8600,11738,11564,9588,9575,9578,9579,9580,9581,9582,9583,9584,9585,9586,9587,16835,17849,9999,9997,9998,10001,10002,10003,10004,10005,10006,10007,10008,10009,10020,10018,10019,10021,10022,10023,10024,10025,10026,10027,10028,10029,10030,10031,10032,9992,9993,10050,10051,10052,10053,10054,10055,10056,10057,10058,10059,10047,9986,9987,9988,9989,9990,9991,9994,9995,9996,10064,10042,8973,8974,8975,10284,10088,10079,10044,10048,10063,10046,9940,9924,9925,9926,9927,9928,9929,9930,9932,9933,9934,9935,9936,9937,9938,9939,9941,9943,9944,9946,9947,9948,9942,9949,9950,9951,9952,9953,9954,9955,9956,9957,9958,9959,9962,9960,10329,9961,9969,9970,9968,9971,9972,9973,10805,10337,9983,9984,10210,10211,10101,10098,10099,10100,10113,10090,10089,10121,10118,10095,10096,10116,10103,10104,10105,10106,10107,10108,10062,10060,10061,10561,10109,10065,10067,10049,10066,10070,10068,10069,10071,10072,11568,10269,10012,10215,10133,10110,10117,10119,10120,10122,10123,10124,10125,10126,10142,10137,10138,10139,10140,10141,10143,10144,10145,10146,10147,10148,10076,10077,10073,10074,9974,9975,9976,9977,9978,17694,10075,10078,10080,10081,10235,10153,10151,10149,10150,10152,10218,10220,10171,10167,10168,10169,10170,10172,10186,10178,10179,10180,10181,10182,10183,10184,10185,10187,10188,10189,10190,10192,10193,10194,14135,13264,10127,10128,10129,10130,10131,10132,10545,10935,9240,10102,10294,10208,10209,10213,10212,10206,10324,10201,10247,10257,10214,10216,10272,10225,10033,10034,10035,10036,10037,10038,10039,15580,10231,10221,10177,10166,10165,12540,10253,10219,10229,10222,10199,10195,10196,10197,10198,10200,10223,10224,10226,10227,10228,10230,10239,9985,10245,10234,10236,10237,10238,10240,10205,10204,10202,10277,10232,10241,10242,10243,10013,10014,10015,10016,10244,10248,10246,10249,10250,10251,10252,10254,10255,10256,10258,10259,10260,10261,10262,10263,10266,10267,10265,10264,10285,10268,10270,10271,10273,10274,10275,10276,10278,10281,10279,10280,10282,10289,10384,9966,9967,10487,10441,10465,10442,10295,10283,10302,10347,10293,10296,10297,10298,10300,10299,10301,10304,10317,10286,10287,10288,10290,10318,10320,10321,10322,10325,10326,8922,8923,12511,10535,10447,10444,10445,10448,10449,10471,10315,10316,10344,10327,10328,10330,10331,10336,10332,10091,10333,10334,10338,10339,10340,10341,10342,10343,10136,10657,10348,10345,10346,10349,10335,10307,10305,10306,10308,10323,10373,10374,12023,14563,14564,14565,14566,14567,14568,13274,10176,10086,10087,10400,10492,10466,10467,10443,10446,10450,10454,10455,10456,10458,10457,10362,10350,10354,10355,10351,10352,10353,10356,10357,10358,10359,10360,10361,10363,10364,10365,10366,10367,10368,10371,10372,10375,10369,10385,10376,10377,10378,10379,10380,10381,10382,10386,10383,10388,10389,10387,10391,10390,10309,10310,10312,10311,10313,10314,11013,10524,10525,10526,10464,10459,10460,10461,10453,10431,10428,10430,10566,10440,10542,10462,9592,10534,10902,10473,10468,10469,9555,11117,10082,11138,10557,10472,10470,10474,10475,10476,10477,10478,10479,10480,10481,10482,10483,10451,10485,10484,10486,10488,10489,10490,10491,10493,10494,10495,10496,10497,10498,10499,10500,10501,10502,10503,10504,10505,10631,10398,10403,10404,10405,10406,10407,10408,10409,10410,10411,10412,10413,10414,10415,10416,10417,10418,10419,10420,10421,10422,10423,10424,10425,10426,10427,10642,10399,10392,10633,10507,10393,10394,10395,10635,10510,10511,10512,10513,10514,10519,10518,10521,10520,10651,7802,14217,10634,10640,10650,10653,10563,10607,10438,10432,10433,10434,10435,10436,10437,10439,11441,10506,10517,10539,10537,10538,10540,11088,11052,10654,10636,10600,10111,10112,10601,10588,10589,10590,10591,10592,10593,10594,10595,10596,10597,10598,10599,10602,10603,10649,10671,10536,10646,10934,10632,10584,10532,10530,10531,10655,10613,10608,10605,10606,10609,10610,10611,10612,10614,10615,10616,10617,10623,10622,11815,10624,10625,10626,6986,11548,11549,11550,11551,12019,14927,16550,16695,10627,11479,9242,9241,13259,10856,10637,10629,10630,10652,10945,10678,10679,10680,10681,10682,10683,10684,10685,10686,10687,10688,10689,10690,10691,10638,10999,11260,10878,10508,10509,10515,10516,10529,10704,10700,10562,10701,10702,10703,10641,10645,10648,10879,10543,10673,10582,10575,10576,10577,10578,10579,10580,10581,10583,10905,10586,10585,10587,10906,10844,10845,10666,10667,10779,10674,10656,10773,10711,10707,10709,10710,10732,10692,10093,8864,10094,10991,10693,10694,10695,10696,10697,10698,10699,10734,10733,10735,10736,10731,10708,10712,10713,10714,10726,10715,10716,10717,10718,10719,10720,10721,10722,10723,10724,10725,10727,10729,10730,10752,10663,10664,10665,11021,10670,10669,10672,11169,10774,10755,10658,10659,10643,10662,10660,10661,13258,10756,10737,10739,10740,10738,10743,10780,10728,10776,10745,10751,10759,10757,10758,10748,10760,10761,10762,10763,10764,10741,10742,10754,10528,10549,10546,10547,10548,10550,10551,10552,10554,10555,10556,10559,10558,10560,11101,11097,10747,10644,10903,10775,10765,10766,10767,10768,10769,10533,10522,11084,11047,10771,10770,10772,10807,10827,10802,10803,10808,10817,10818,10819,10821,10822,10823,10820,10797,10796,10798,10799,10800,11048,11049,10824,10825,10804,10828,10829,10830,10831,10832,10833,10834,10835,10836,10837,10826,10838,10839,10840,10993,10994,10134,10676,10675,10677,11760,11076,11050,10963,10889,10846,10848,10847,10849,10850,10851,10852,10853,10854,10855,10857,10858,10859,10860,10861,10862,10863,10864,10865,10866,10867,10868,10869,10870,10871,10778,10777,10782,10783,10784,10785,10786,10787,10788,10789,10790,10791,10877,10872,10873,10874,10875,10876,10880,10881,10882,10883,10884,10885,10886,10887,10888,10890,10891,10892,10893,10894,10895,10896,10897,10898,10899,10900,10901,10904,10907,10908,10909,10910,10911,10912,10913,10914,10915,10976,10567,10568,10569,10570,10571,10572,10573,10574,15759,10946,10920,10921,10922,10923,10924,10925,10926,10927,10928,10929,10930,10931,10932,10933,10936,10937,10938,10939,10940,10941,10942,10943,10944,10947,10948,10949,10950,10951,10952,10953,10954,10955,10957,10958,10959,10961,10962,10964,10965,10966,10967,10968,10969,10970,10971,10972,10973,10956,10974,10975,10977,10979,10980,10981,10982,10983,10984,10985,10986,10988,10987,10989,10990,11015,10992,10995,11002,11003,11014,11016,11017,11018,11019,10996,10916,10917,10918,10919,11151,10997,10998,11119,11009,9266,11004,11005,11006,11007,11008,11010,11011,11012,13008,10705,10706,11204,11180,11033,11000,11034,11035,11036,11037,11054,11051,11053,11055,11056,11057,11058,11059,11060,11061,11062,11063,11064,11065,11066,11067,11068,11069,11070,11071,11072,11077,11074,11073,11079,11081,11078,11080,11105,11172,11099,11029,11025,9013,9012,11023,13042,11122,11107,11108,11109,11110,11111,11112,11113,11086,11020,11075,11246,11150,10628,11128,11114,11115,11030,11028,11022,11572,11334,11196,11200,11031,11116,11118,11120,11121,11123,11124,11126,11127,11129,11130,11131,11132,11133,11134,11135,11136,11137,11139,11082,11083,11226,11145,11140,11141,11143,11144,11146,11147,11148,11149,11152,11102,11098,11100,11103,11153,11154,11155,11156,11157,11158,11159,11160,11161,11162,11163,11164,11165,11166,11167,11168,11170,11171,11173,11175,11174,11176,11177,11321,11205,11207,11203,11185,11182,11183,11184,11104,11186,11187,11188,11189,16093,14327,11382,11228,11198,11202,11206,11208,11211,10841,11212,11209,11247,11220,11197,11217,11213,11214,11215,11216,11178,11096,11106,11277,11179,11252,11210,11221,11227,11222,11223,11224,11225,11229,11230,11231,11232,11233,11234,11235,11236,11237,11238,11239,11240,11241,11242,11243,11244,11245,11281,11318,11274,11319,11342,11273,10040,11352,11752,11278,11279,11280,11283,11284,11218,11219,11335,11285,11323,11316,11322,11326,11324,11328,11329,11330,11331,11332,11333,11336,11337,11346,11248,11249,11250,11251,11253,11254,11255,11256,11257,11258,11259,11275,11276,11345,11338,11341,11347,11339,11085,11688,11393,11379,11380,11381,11388,11390,11364,11358,10083,11359,11360,11361,11362,11363,11365,11366,11367,11368,11369,11371,11370,11373,11372,11374,11375,11377,11378,11516,11429,11385,11387,11396,11394,11391,11392,11395,11397,11398,11399,11400,11401,11344,11340,11343,11348,11349,11350,11707,11462,11327,11489,11469,11353,11384,11383,11386,11459,11460,11464,11402,11403,11404,11405,11406,11407,11408,11409,11410,11411,11412,11413,11414,11415,11416,11417,11418,11419,11420,11421,11422,11423,11424,11425,11426,11427,11433,11428,11430,11431,11432,11437,11438,11439,11442,11434,11436,11443,11444,11445,11446,11447,11448,11440,11527,11449,11193,11192,12634,11474,11466,11458,11450,11451,11452,11453,11454,11455,11456,11457,11467,11468,11478,11480,11483,11325,11484,11351,11485,11486,11461,11771,11487,11471,11472,11473,11475,11476,11488,11490,11491,11492,11498,11499,11493,11482,11507,11508,11470,11509,11510,11512,11522,11523,11524,11525,11526,11528,11529,11530,11531,11513,11532,11533,11463,11534,11535,11536,11537,11538,11497,11494,11495,11496,11502,11500,11501,11503,11505,11504,11506,12577,11554,11625,11626,11627,11628,11629,11630,12854,11790,11679,11681,11676,11677,11678,11694,11682,11686,11680,11683,11684,11685,11687,11689,11690,11692,11521,11518,11519,11520,11555,11557,11558,11559,11780,11776,11777,11778,11781,11783,11784,11810,11808,11809,11811,11647,11631,11632,11633,11634,11580,11581,11582,11636,11635,11637,11195,12473,12460,11539,11540,11541,11542,11543,11638,11639,11640,11641,11642,11643,11644,11645,11646,11648,11649,11650,11651,11652,11653,11654,11655,11656,11657,11735,11566,11560,11561,11562,11563,11565,11567,11618,11584,11583,11585,11586,11587,11588,11589,11591,11592,8846,8847,11612,11594,11598,11595,11596,11599,11600,11601,11602,11603,11604,11605,11606,11607,11608,11609,11610,11611,11613,11614,11546,11615,11616,11617,11619,12227,12228,12229,12230,12231,12232,12233,12234,12235,12236,12237,12238,12239,12240,12241,12242,11820,12244,12243,12245,12247,11713,11553,11552,11779,11782,11620,11621,11622,11996,11674,12201,11711,11712,12002,11726,11714,11715,11716,11717,11718,11719,11720,11721,11722,11723,11724,11725,11727,11728,11729,11730,11731,11732,11733,11734,11736,11737,11739,11740,11741,11742,11743,11744,11745,11746,15239,11753,11754,11755,11756,11757,11758,11759,12632,12662,11786,11695,11574,11573,11575,11576,11577,11578,11579,11773,11774,11775,13215,12973,11785,11087,11791,11789,11792,11693,11691,12539,12535,12154,10801,11801,11913,11914,11915,11911,11916,11920,16080,16730,16731,18198,16081,15993,11517,11802,11787,11788,11803,11793,11764,11356,11761,11762,11763,11765,11766,11767,11768,12320,12321,12322,12323,15026,12456,14258,11708,11703,11704,11709,11879,11876,11877,11831,11872,11873,11878,11881,11882,11883,11884,11890,11813,12041,10527,11772,11705,11706,11921,11888,11840,11836,11838,11839,11841,11842,11843,11844,15001,11887,11889,11922,11923,12249,11927,11807,11925,11892,11891,11893,11894,11895,11905,11906,11924,12266,11926,12001,12042,12036,11865,11866,11928,11966,11794,11795,11796,11797,11798,11942,14097,14254,14255,11902,11868,11869,11896,11897,11898,11899,11900,11901,11903,11904,11910,12018,11812,11822,11821,11823,11999,12000,12003,12004,11939,11769,11770,11941,12497,12006,12005,12211,12012,12009,12010,12011,12013,12014,12015,12016,11967,11800,11943,11964,11885,11947,11944,11804,11799,11962,11828,11824,11032,11026,12252,12253,12254,12255,12304,12305,11825,11826,11827,11829,14194,11930,11871,11929,12024,12025,12026,12027,12028,12029,12030,12815,14410,14411,14409,14459,12164,11931,11932,11933,11934,11570,11569,11571,18272,11935,11936,11937,11938,12063,12062,12082,12064,12065,12066,12067,12068,12069,12070,12071,12072,12073,12074,12075,12076,12077,12078,12079,12080,12081,12083,12084,12085,12086,12087,12088,11950,11945,11946,11948,11949,11951,11952,11953,11954,11955,11956,11957,11958,11959,11960,11961,11963,11965,11968,11969,11970,11971,11972,11973,11974,11975,11976,11977,11376,13804,13805,13806,13807,13808,13809,13810,18036,14925,14926,16155,12808,11978,11979,11980,11981,11982,11983,11984,11985,11987,11988,11989,11990,11991,11992,11993,11994,12046,12043,12038,12039,12040,12044,12742,12261,12117,11658,12213,12176,12045,12017,12627,12122,12123,12124,12138,12128,12129,12130,12131,12132,12133,12134,12135,12136,12137,14671,13931,12097,12089,12090,12091,12092,12093,12094,12095,12096,12098,12099,12144,12145,12219,12216,12168,12169,12170,12171,12172,12173,12174,12175,12623,12624,14958,12204,12202,12203,12205,12206,12207,12208,12209,12210,12217,12218,12788,12162,12156,12155,12157,12158,12159,12160,12161,12165,11696,11697,11698,11699,11700,11701,14932,12177,12047,12048,12049,12050,12051,12052,12053,12054,12055,12056,12057,12058,12037,12034,12035,12100,11880,12194,12192,12125,12126,12127,12193,12318,12179,12178,12163,12110,12102,12103,12104,12105,12101,12106,12107,12108,12109,12111,12112,12187,12180,12181,12182,12183,12184,12185,12186,12770,12190,12191,12829,12439,12429,12288,12148,12428,12432,11995,12433,12394,12293,12292,12294,12295,12296,12297,12298,12299,12300,12301,12302,12303,12308,12309,12310,12353,12324,12121,12369,12354,12355,12356,12357,12358,12359,12360,12361,12362,12363,12364,12365,12366,12367,12368,12370,12371,12372,12373,12374,12375,12376,12377,12378,12379,12380,12381,12382,12383,12384,12385,12386,12387,12388,12389,12390,12391,12392,12199,12200,12267,12256,12032,12031,12153,12699,12263,12262,12264,12291,12285,12270,12271,12272,12273,12274,12275,12276,12277,12278,12279,12281,12282,12280,12283,12284,12286,12287,12687,12512,12677,12642,12633,12635,12636,12327,12328,12329,12330,12339,12268,12257,12269,12258,10157,10158,10154,12259,12260,12265,12926,12393,12214,12215,12226,12222,12223,11832,11833,11834,11835,12224,12225,12877,12333,12334,12335,12345,12337,10565,11907,11908,11909,11867,12421,12420,12423,12424,12823,12167,12166,12113,12114,12115,12116,12352,12311,12289,12312,12313,12314,12315,12316,12317,12338,12020,12021,12022,12188,12189,12246,12444,12445,12446,12447,12448,12449,11659,12469,12348,12347,12417,12418,12419,12731,12351,12349,12350,12319,13982,12661,12430,12431,12434,12435,12436,12437,12411,12407,12408,12248,12250,12251,12409,12410,12412,12413,12414,12415,12441,12438,11817,11818,11819,14241,12614,12615,13167,12427,12738,12442,12220,12584,12585,12586,12821,12340,12341,12342,12343,12344,12664,12660,12663,12665,12666,12667,12690,12639,12440,12443,12520,12515,12474,12451,12452,12453,12454,12455,12457,12458,12459,12461,12462,12463,12464,12465,12007,12008,13219,12514,13106,12616,12617,12618,12619,12901,12747,12691,12678,12648,12679,12680,12646,12637,12644,12645,12669,12640,12498,12477,12470,12466,12467,12468,12471,12472,12519,12516,12552,12500,12499,12501,12502,12503,12504,12505,12506,12507,12508,12509,12510,12545,12541,12542,12543,12544,12546,12547,12548,12549,12550,12551,12553,12578,12579,12580,12581,12582,12583,12620,12625,12626,12628,12629,12630,12631,12682,12686,12681,12683,12684,12685,12688,12689,12692,12693,12694,12695,12696,12697,12698,12701,12702,12670,12649,12650,12653,12750,12703,12704,12705,12671,12672,12717,12706,12707,12708,12655,12656,12657,12658,12761,12524,12517,12118,12149,12150,12151,12152,12745,12403,12402,12397,12398,12399,12400,12401,12405,12396,13510,12769,12346,12801,12771,12723,12709,12710,12711,12713,12714,12715,12716,12718,12719,12720,12721,12722,12724,12531,12563,12554,12555,12556,12557,12558,12559,12560,12561,12562,12564,12565,12566,12567,12568,12569,12570,12571,12572,12573,12574,12593,12587,12588,12589,12590,12591,12592,12594,12595,12596,12597,12598,12599,12600,12601,12602,12603,12604,12605,12606,12607,12608,12609,12611,12612,12613,12885,12768,12772,12777,12778,12779,12780,12781,12119,12521,12522,12523,12525,12526,12527,12528,12529,12530,14836,12773,12800,12962,13005,12758,12759,12756,12757,12796,12762,12763,12786,12776,12797,12764,12760,12898,12897,12899,12900,12902,12903,12904,12913,13034,12621,12989,12733,12725,12726,12727,12728,12729,12730,12732,12734,12735,12736,12737,12739,12740,12741,12744,12743,12966,12922,12814,12746,12643,13009,12911,12916,12917,12952,12774,12905,12906,12907,12912,12934,12923,12915,12941,12942,12944,12945,12927,12928,12929,12930,12496,13127,12765,12766,12767,12925,12924,12948,12951,12939,12940,12946,12947,12955,12949,12950,12954,12956,12953,12958,12957,12961,12972,12974,12963,12970,12967,12968,12919,12964,12965,13032,12969,12976,12981,12971,12977,12983,12984,12985,12982,12986,12987,12988,12990,12991,12992,12993,12994,12979,12999,12995,12996,12998,13000,13001,13002,13003,12937,13018,12960,13019,13006,13007,13011,12931,12932,12933,13004,12918,13010,12997,13020,13021,13023,13012,13013,13014,13015,13016,13017,13022,13024,13025,13026,13027,13029,12883,12825,12804,12782,12783,12784,12886,12826,12806,12802,12803,12805,12807,12809,12810,12811,12830,12827,12828,12059,12060,12061,12622,12575,12870,12831,12832,12833,12834,12835,12836,12837,12838,12839,12840,12841,12842,12843,12844,12845,12846,12847,12849,12850,12143,12139,12140,12141,12142,14653,14654,14655,14656,14657,15074,15075,15077,15078,13655,12789,12790,12791,12792,12793,12794,12798,12799,12812,12538,12536,12537,12820,12822,11357,13969,13093,13028,13031,13030,13033,13035,13036,13037,13038,13039,13040,13041,13055,13056,13057,13058,13059,13060,13061,13062,13065,13066,13043,13044,12824,13149,12869,12851,12852,12853,12855,12856,12857,12859,12848,13096,13080,13067,13068,13069,13070,13047,13048,13049,13050,13051,13052,13053,13054,13063,13064,13071,13072,13084,13081,13073,13074,13076,13087,13082,13083,13085,13094,13105,13107,13098,13132,13114,13108,13091,13089,13090,13092,13129,13086,13110,13109,13115,13088,13100,13116,13123,13124,13139,13131,13122,13125,13118,12755,13154,13126,13128,13130,13133,13134,13137,13147,13135,13136,13143,13138,13144,13140,13157,13145,13146,13156,13158,13159,13160,13148,13151,13150,13152,13112,13153,13162,13165,13164,13161,13163,13168,13166,13075,13193,13172,13174,13119,13120,13182,13169,13170,13171,13173,13183,13184,13179,13180,13181,13185,13186,13187,13190,13191,13192,13201,13202,13210,13199,13200,13320,13194,13212,13213,13196,13205,12871,12858,12866,12860,12861,12862,12863,12864,12865,12867,12868,12872,12873,12874,12875,12876,12879,12749,13525,13352,13391,13221,13222,13223,13220,13197,13225,12518,12404,12816,12817,12818,12819,13647,13648,13649,13650,13229,12495,12493,12494,10794,10795,14131,14132,14133,14134,13228,13227,13226,13231,13216,13218,13232,13214,13230,13233,13234,13235,13237,13217,13250,13240,13209,13204,13267,13238,13247,13239,13248,13117,13242,13243,13252,12975,13255,13249,13251,13206,13207,13268,13111,13269,13198,13256,13246,12751,12752,13793,13794,13795,15417,13260,13254,13257,13270,13271,12878,12881,12882,12884,12887,12888,12889,12890,13475,13360,13355,13356,13357,13358,13359,13476,13477,13478,13479,13480,13481,13482,13483,13484,13485,13486,13487,13488,13489,13490,13491,13492,13493,13494,13495,13496,13497,13498,13499,13500,13501,13502,13503,13353,13354,13474,13519,13504,13505,13506,13338,12033,12120,13310,13280,12487,11556,12481,12482,12483,12484,12485,12486,12488,12489,12490,12491,12492,13868,13299,13279,13290,13282,13276,13283,13284,13285,13281,13263,13278,13303,13286,13302,13292,13275,13265,13308,13294,13293,13295,13300,13312,13272,13266,13273,13551,13552,13553,13554,13555,13304,13309,13306,13287,13288,13289,13305,13307,13313,13253,13314,13311,13321,13319,13322,13323,13324,13325,13326,13327,13328,13329,13331,13332,13341,13343,13315,13316,13317,13318,13330,13333,13334,13336,13337,13339,13340,13723,13714,13348,13349,13588,13587,13556,13557,13558,13559,13560,13561,13563,13562,13564,13565,13566,13567,13568,13569,13570,13571,13572,13573,13574,13575,13576,13580,13577,13579,13581,13582,13583,13584,13585,13591,13616,13592,13619,13617,13618,13620,13621,13622,13614,13613,13627,13623,13615,13624,13625,13626,13628,13629,13630,14234,14233,15047,12146,15880,18807,18808,13933,13934,13935,13936,13937,13938,13939,13508,13507,13509,13511,13512,13513,13514,13515,13516,13517,13518,13520,13521,13522,13523,13524,13526,13527,13528,13529,13531,13532,13533,13534,13535,13536,13537,13538,13539,13540,13657,12785,12787,13774,13660,13659,13661,13662,13769,13773,13775,13776,13781,13606,13594,13595,13596,13597,13598,13599,13602,13605,13607,13608,13604,15256,13350,13346,13347,14539,13589,13578,14096,13603,13728,13674,13644,13631,13632,13643,13645,13646,13671,13654,13656,13670,13673,13672,13675,13676,13677,13678,13679,13680,13681,13682,13683,13684,13685,13686,13687,13688,13700,13697,13696,13698,13699,14632,13702,13701,13703,13704,13705,13706,13707,14602,13708,13709,13710,13711,13712,13713,13732,13733,13730,13731,13848,13844,13725,13921,13798,13755,13750,13740,13741,13742,13743,13744,13745,13746,13747,13748,13749,13751,13752,13753,13754,15229,13940,13941,13942,13943,13944,13945,13946,13947,13948,14954,14470,14281,14282,13724,14166,13638,14102,14103,14525,13770,13789,13692,13693,13695,13694,13760,13761,13762,13763,13764,13765,13766,14941,13737,13734,13735,12532,12533,12534,13932,14340,14181,13876,13782,13780,14154,14137,13865,13772,13811,13803,13858,13859,13860,13861,13862,13863,13864,13903,13904,13905,13906,13907,11044,11045,11046,11354,11355,13908,13819,13768,13812,13799,13796,13820,13813,13814,13816,13817,13815,13870,14100,13899,13900,13949,13950,13951,13952,15187,16139,14599,14350,13898,14174,13800,13801,13802,11675,14189,13887,13888,14152,14139,13727,13885,14153,13893,13874,13890,13891,13892,13689,13690,11261,11262,11263,11264,11265,11266,11267,13691,14124,14284,14283,14319,14318,14320,14093,13818,13729,13666,13665,13667,13668,13669,14039,13855,13822,13792,13651,13652,13653,13919,13790,13791,13857,13828,13821,13823,13824,13825,13826,13827,13829,13830,13839,13840,13841,13842,13849,13845,13846,13847,13850,13851,13852,13853,13854,13856,14248,13922,13879,13834,13831,13832,13833,13835,13836,13837,14008,13955,13954,13956,13957,13958,13959,13960,13961,13962,13963,13964,13965,13966,13967,13968,13970,13971,13972,13981,13985,13973,13974,13975,13976,13977,13978,13979,13980,13983,13984,13986,13987,13988,13990,13991,13992,13993,13994,13995,13996,13997,13998,11806,13999,14000,14001,14002,14003,14005,14004,14006,14007,14009,14010,14011,13917,13918,14034,13878,13877,13880,13881,14243,13923,13924,14119,14252,14242,14244,13896,14101,14094,14085,13636,14084,14086,14078,14645,13718,13609,13610,13611,14469,14325,14321,14322,14323,14324,14326,14328,14467,14468,14357,14506,14924,14689,13882,14317,14666,13788,15964,14437,14413,14414,14415,14416,14417,14418,14419,14246,14245,14247,14249,14250,14251,14253,14277,14278,14329,14330,14460,14461,14462,14481,14500,14572,14573,14574,14575,14576,14577,14579,14140,14141,14142,14143,14144,14145,14146,14147,14148,14149,14150,14151,14155,14156,14157,14158,14159,14160,14161,14162,14163,14164,14165,14167,14168,14169,14170,13897,14016,14012,14013,14014,14015,14017,14018,14019,14020,14021,14023,14024,14025,14027,14026,14030,14029,14031,14032,14548,14529,14047,14033,14035,14036,14037,14038,14040,14041,14042,14043,14044,14045,14048,14049,14050,14052,14053,14054,14055,14056,14057,14058,14059,14060,14061,14062,14063,14064,14065,14066,14067,14068,14069,14070,14071,14072,14073,14074,13884,13658,10092,14935,13909,13910,13911,13912,13913,13915,13916,13920,13901,14083,14454,14455,14457,14458,14603,14583,14578,13889,14092,14087,14088,14089,14090,14091,14095,14104,14105,14106,14236,14310,14463,14464,14507,14691,14692,14693,14694,14696,14697,14698,14699,14700,14540,14107,14171,14172,14173,14175,14176,14177,14178,14179,14180,14187,14190,14191,14192,14193,14195,14203,14196,14198,14197,14199,14200,14201,14202,14204,14205,14206,14207,14208,12880,15249,12891,14123,14293,14286,13245,13342,14288,14287,14209,14210,14211,14212,14214,14213,14215,14216,14121,14474,14442,14343,14337,14338,14339,14341,14342,14344,14345,14346,14347,14348,14349,14443,14441,16151,16717,16716,12306,12307,16742,17375,17376,17377,17378,17379,17525,17526,16791,14687,16363,14335,14331,14332,14333,14334,14336,14355,14356,14509,14226,14227,14228,14257,14267,14706,14703,14704,14707,14708,14709,14710,14581,14580,14582,14584,14585,14586,14587,14588,14589,14465,14466,14483,14561,14279,14280,14360,14046,14358,14359,14361,14362,14363,14364,14365,14366,14367,14368,14369,14370,14371,14372,14373,14374,14375,14376,14377,14378,14379,14380,14381,14382,14383,14384,14385,14386,14075,14076,14351,14218,14219,14237,14238,14239,14240,14304,14305,14306,14307,14308,16318,15011,14989,14990,14991,14880,14313,14314,14631,14600,14590,14591,14592,12893,16186,16187,16188,16189,16190,16193,15769,14594,14593,14601,14611,14616,14291,14292,14294,14295,14296,14297,14290,14298,14299,14300,14301,14302,14289,14981,14475,14471,14452,14453,15167,15000,14992,14993,14994,14995,14996,14997,14998,14999,14472,14404,14387,14388,14389,14390,14391,14392,14393,14394,14395,14396,14397,14398,14399,14400,14401,14402,14403,14405,14406,14407,14408,14652,14651,14956,14957,14711,14712,14713,14714,14715,14716,14717,14718,14719,14720,14721,14722,14723,14724,14695,14508,14510,14511,14512,14513,14514,14515,14516,14517,14518,14519,14520,14521,14522,14523,14524,14526,14527,14528,14530,14531,14532,14533,14534,14535,14536,14537,14538,14541,14542,14543,14544,13244,14545,14546,14547,14559,16748,14796,14549,14550,14551,14552,14553,14554,14555,14556,14623,14235,14316,14605,14606,14607,14608,14609,14610,14612,14613,14614,14615,14617,14619,14624,14473,14476,14630,14622,14628,14625,14626,14353,14352,14618,16072,16073,16074,16179,15048,14620,14621,14627,14629,14633,14634,14635,14804,14793,14725,14701,14562,14684,14685,14686,14702,14705,14726,14727,14728,14729,14504,14503,14683,13756,13757,13871,13872,13873,14675,14676,14677,14678,14679,14680,14681,14682,15795,15798,15957,14690,14943,14942,15105,15159,15023,15158,15160,15161,15162,15163,15955,14786,14730,14731,14732,14733,14734,14735,14737,14736,14738,14739,14740,14741,14742,14743,14744,14745,14746,14747,14748,14749,14750,14751,14752,14753,14755,14756,14757,14758,14659,14669,14670,14672,14673,14674,14928,14929,14930,15331,15325,14479,14480,15259,15953,12425,12426,13717,15954,15392,14688,14595,15855,16111,16110,14783,14766,14759,14760,14761,14773,14763,14764,14765,14767,14768,14769,14770,14771,14774,14775,14776,14777,14778,14779,14780,14781,14782,14787,14791,14784,14792,14800,14813,14814,14806,14762,14127,14125,15037,15038,15039,15040,15041,15042,15043,15775,15776,15778,15779,15622,14269,14129,14126,14128,17872,17873,19008,19009,14271,14268,14270,14272,14273,14274,14275,14276,15073,15364,14948,14949,14950,14951,14952,14969,15014,15002,15003,15004,15005,15006,15007,15008,15009,15010,15012,15013,15015,15016,15017,15018,15019,15020,14842,14798,14794,14795,14799,14803,14807,14809,14810,14812,14819,14816,14820,14817,14818,14822,14821,14823,14824,14825,14827,14828,14832,14833,14837,14831,14835,14840,14903,14859,14861,14844,14872,14862,14851,14853,14788,14501,14502,14789,14790,14908,14846,14909,14910,14911,14660,14051,15316,15144,15143,15145,14498,14499,15625,15319,14965,14959,14960,14963,14964,14966,15311,15312,15232,14955,15114,15115,15116,15128,15230,15231,15233,15564,15553,15065,15063,15064,15080,15117,15118,15125,15123,15109,14570,14571,15645,15121,15033,15032,15120,15122,15124,15126,15127,15154,15155,15156,15157,14895,14849,14865,14863,14867,14845,14866,14868,14871,14870,14875,14896,14646,15183,15093,14936,13545,15070,14923,14826,14921,14907,14877,14874,14876,14881,14879,16341,16342,14919,12478,12479,12480,15920,15921,16533,16534,17729,14937,14934,14136,14933,14938,14939,14940,14946,14947,15069,15025,14922,14917,14882,14883,14884,14885,14886,14889,14888,14891,14890,14892,14893,14897,14898,14899,14887,14900,15874,14918,14901,14261,13663,13664,15031,15030,14262,14263,14264,14265,14266,14315,14905,14904,14912,14906,14914,14915,14916,16567,15076,15079,15086,15083,15084,15087,15088,15089,15090,15091,15092,15095,15171,15164,15165,15166,15168,15169,15170,15172,15173,15174,15479,15177,15176,15178,18377,15346,15024,15338,15181,15210,15098,15096,15097,15099,15359,15268,15112,15110,15111,15113,15262,15263,15264,15265,15266,15244,15243,15220,15191,15194,15195,15196,14986,14982,14983,14985,14642,14451,14641,14643,16544,16770,16783,16728,14354,15251,15250,15252,15253,19116,16973,17712,18386,13928,13929,16763,12195,12196,12197,12198,18387,18388,18867,19142,19143,19144,19145,18395,19217,19218,18067,15347,15189,15198,15197,15192,15404,15185,15186,15400,15246,15245,15281,15267,15269,15270,15271,15272,15273,15274,15275,15276,15277,15278,15279,15280,15282,15283,15284,15285,15286,15287,15288,13601,15296,15289,15290,15291,15292,15293,15294,15295,15297,15298,15299,15300,15301,15302,15303,15304,15305,15306,14637,15190,16879,16880,15398,15388,15309,15320,15321,15339,15340,15341,15342,15344,15345,15348,15313,15307,15308,15375,15360,15361,15362,15363,15367,15368,15372,15349,15337,15350,15351,15365,15366,15373,15374,15378,15379,15380,15381,15382,15385,15386,15387,15389,15390,15391,15395,15394,15315,15314,15317,15581,15508,15532,15146,15507,15517,15518,15199,15200,15201,15202,15203,15204,15205,15206,15211,15212,15214,15215,15216,15217,15218,15219,15221,15207,15100,15101,15104,15141,15129,15130,15131,15132,15133,15134,15135,15136,15137,15138,15139,15140,15142,15687,15688,15689,15796,15797,15808,15409,15403,15401,15369,15036,15322,15370,15371,15384,15397,15407,15408,15425,15410,15420,15421,15416,15418,13930,15419,15422,15423,15424,15426,15428,15427,15647,15223,15222,17029,17167,17168,15476,15430,15431,15432,15440,15477,15453,15445,15405,15356,15357,15402,15393,15414,15412,15413,15415,16369,14260,14638,14639,10173,10174,10175,14640,15992,15848,15021,15022,15849,15067,15068,16331,16329,16227,15094,16134,15238,15240,15241,15242,16136,16135,16223,16224,16225,16226,16228,15474,15454,15455,15444,15443,15446,15864,15441,15438,15557,15513,15519,15456,15457,15458,15459,15460,15461,15462,15463,15464,15465,15466,15467,15468,15469,15470,15471,15472,15475,15478,15481,15482,15473,15480,15483,15484,15485,15486,15487,15488,15489,15490,13335,14082,15491,15224,13767,15226,15225,15227,15228,17090,18080,18081,17528,17527,18203,18204,18205,18206,18207,18208,18209,18210,18212,18211,18213,18214,18215,17860,15492,15493,15494,15495,15496,15497,15498,15499,15500,15762,15763,11027,16617,15770,15700,15650,15524,15520,15521,15522,15526,15527,15528,15529,15530,15531,15534,15327,15328,15329,15330,15332,15333,15334,15533,15525,15546,15535,15536,15537,15542,15543,15554,15545,15538,15544,15555,15558,15559,15562,15561,15560,15621,15859,15860,15502,15257,15258,15501,15882,15556,15541,15571,15570,15563,15565,15566,15237,15511,15602,15567,15574,14988,14987,16776,16775,16777,16778,16779,16780,16781,16782,15914,15913,15995,15994,15996,17531,17906,15323,14490,13345,16764,16698,15875,16699,16696,16697,16700,17027,17028,19350,14658,17960,17961,17908,17907,17909,17910,18162,18157,18453,18451,17076,15847,15572,15568,15569,15573,15582,15583,15584,15585,15586,15589,15592,15597,15599,15603,15609,14902,15179,15180,15343,15851,15885,15886,15887,16132,15809,15810,15811,15812,15813,15814,15815,15793,15794,16149,15447,15867,15505,15503,15504,15506,15777,15523,15868,15575,15578,15646,16152,15799,15856,15857,15858,15889,15845,15816,15817,15818,15819,15820,15630,15756,15757,15758,15760,15764,15786,15785,15780,15781,15782,15783,15234,15235,15236,15623,15596,15624,15648,15636,15637,15610,15608,15633,15634,15635,15638,13787,15639,15641,15640,15643,15652,15448,15449,15450,16170,16171,15791,15843,15821,15822,15823,15824,15825,15826,15827,15828,15829,15830,15831,15832,15834,15835,15836,15837,15838,15839,15841,15842,15844,15846,15850,14496,14497,16097,16098,16099,16100,17743,16101,10668,14931,16102,16103,16737,17662,17663,17701,17702,17897,17769,17770,17771,17900,17901,16701,16702,16706,16703,18148,17024,17025,18476,18627,18882,18883,18002,18793,18801,16652,16310,16311,16312,16313,16321,16330,15893,15892,15863,15865,15866,15869,15870,15649,15656,15607,15620,15766,14098,14099,16392,16395,16846,15318,16873,16432,16440,16850,16852,16851,16853,16854,16855,16856,16857,16858,16859,16860,15871,15872,15878,15879,15980,15979,15981,15982,15983,15894,15895,15896,15897,15898,15899,15900,15901,15925,15923,15924,15926,15918,15917,15902,15915,15916,15927,15888,15928,15929,15930,15765,16120,16020,14970,16017,15998,14130,15999,15877,15876,16079,15936,15937,15938,15941,15944,15942,15943,15946,15945,15947,15948,16023,16024,16025,16026,16027,16028,16029,16030,16031,16032,16033,16034,16035,16036,16037,16038,16039,16040,16041,16042,16043,16044,16045,16046,16047,15940,15939,15961,15956,15958,15959,15960,15962,15963,15965,15840,15966,15967,15968,15969,15970,15971,16089,15984,15985,15986,15987,15988,15991,15989,16114,16112,15771,18477,18478,16146,16002,16000,16001,16005,16004,16006,16007,16008,16009,16010,16012,16014,16022,16018,16019,16021,16374,16075,16119,15952,16118,16082,16121,16113,16116,16117,16122,16511,18061,17921,18414,18415,16144,16123,16124,16125,16126,16127,16145,16159,16166,16160,16161,16162,16163,16164,16165,16167,16168,16176,16175,16177,16413,13926,14648,14649,16235,16182,16143,16183,16194,17800,16181,16234,16222,16236,13208,16232,16233,16510,16414,16385,16391,16417,16415,14647,17957,18553,16416,16418,16553,16438,16447,16462,16476,15605,15600,15604,14422,14420,14421,14423,14424,14425,14426,14427,14428,14429,14430,14431,14432,14433,14434,14435,14436,14438,14439,14440,15707,15657,15658,15659,15660,15661,15690,15691,15692,15693,15694,15695,15696,15697,15698,15705,15708,15721,15722,15710,15662,15739,15740,15753,15714,15725,15726,15727,15730,15713,15731,15732,15733,15734,15735,15736,15737,15738,15741,15742,15743,17468,16105,16048,16049,16050,16051,16052,16053,16054,16055,16056,16057,16059,16058,16060,16061,16062,16064,16065,16066,16067,16068,16827,16106,16150,16142,16141,18030,19015,16805,16589,16786,16747,16336,16083,16086,15451,16087,16088,16096,16095,16094,16309,16294,16287,16288,16289,16290,16291,16292,16293,16295,16930,17490,16302,16306,16307,16298,16308,16320,16333,16338,16715,17523,16427,16428,16429,16431,16412,16410,16411,16760,17077,15852,12813,16339,16340,16537,16538,16480,16300,16314,16316,16315,16322,16324,16325,16326,16327,16351,15951,15974,15975,15977,15774,15772,15773,17392,16372,15922,16368,18416,18054,18052,18437,16721,16722,17393,16927,17390,18163,18400,14644,17995,17996,17997,17998,17999,18401,18398,18399,16356,16352,16107,15784,15789,15787,15788,15790,16375,16376,16377,16378,16379,16381,18071,18070,18072,18600,16380,16912,16913,16914,16915,16354,16353,16345,15932,15931,15933,15935,16147,16148,16383,16348,16346,16347,16349,16350,16360,16361,16362,16364,17651,17652,17653,16917,17647,16367,18375,17304,16355,16357,16358,16464,16481,16387,16482,16483,16484,16485,16486,16506,16549,16430,16507,16508,16509,16220,16221,16566,16535,16398,16399,16400,16536,16551,16552,16554,16555,16556,16557,16558,16559,16560,16561,16562,16563,16564,16565,16568,16569,16570,16571,16572,16573,16574,16575,16576,13883,16796,16794,16792,16790,16793,16798,16799,12450,16804,16806,16807,16808,16811,16814,16812,16813,16815,16795,16797,17700,16585,16577,16578,16579,16580,16581,16582,16583,16584,16586,16587,16591,16592,16593,16594,16595,16596,16597,16598,16599,16600,16601,16602,16603,16604,16605,16606,16607,16608,16609,16610,16611,16612,16613,16614,16615,16616,16618,16619,16620,16621,16622,16076,17862,16628,16623,16624,16625,16512,16513,16523,16524,16528,16529,16530,16426,16526,16527,17037,16975,17030,17032,16719,13927,16720,16531,17136,17139,16745,16541,16753,16548,16685,16686,16729,16738,16746,16749,16750,16751,16752,16754,16755,16767,16401,16768,16970,16515,16516,16517,16518,16519,16520,16711,16709,16710,16645,16646,16726,16727,16957,16724,16627,16626,16733,16629,16630,16631,16633,16635,16636,16637,16707,16642,16688,16739,16740,16933,16761,16708,17251,16762,16899,16900,16918,16929,16928,17747,16931,16932,16934,16936,16935,16634,16632,17859,16769,16772,16977,16976,17194,16864,16916,17035,16888,16881,16229,16230,16231,16758,16826,16423,16757,16834,16833,16836,16837,16838,16839,16158,18509,15890,16840,16841,16424,16842,17483,17175,17176,17177,17179,17180,17324,16979,17059,17039,17033,17034,17038,17040,17041,17042,17043,17095,17061,17066,17067,17074,17124,17125,17115,17085,17171,17130,17045,17044,17046,17048,16638,15978,16639,16640,16641,16648,16649,16921,16922,16923,17049,17102,17154,17058,17052,17057,17050,17071,17101,17133,17079,17078,17716,17717,17761,18043,18044,18045,18046,18047,18048,18049,18050,17134,17135,17160,17113,17242,16820,17243,17187,17182,17183,17184,17185,17186,17188,17189,17190,17191,16382,16384,16756,17229,16926,17230,17192,17193,17195,17198,17199,17200,17201,16940,16938,16937,16939,17018,15751,16765,16984,16942,16941,16543,19070,17643,17384,17222,17202,17204,17196,17224,17205,17206,17207,17208,17209,17210,17211,17212,17213,17214,17215,17216,16960,16734,16732,16735,16736,16759,16963,16946,16947,16948,16949,16950,16951,16952,16953,16954,16955,16956,16958,16959,16961,16962,16964,16965,16966,16713,16712,16714,16968,16967,16969,17451,17454,17455,17469,17450,17470,17471,17472,17473,17474,17475,17448,17476,17477,17478,17460,17461,17462,17463,17518,17449,17456,17464,17441,17479,17482,17489,17495,17496,17497,17502,17504,17505,17508,17509,17512,17517,17217,17218,17219,17220,17221,17223,17225,17226,17228,17232,16128,18528,17362,17231,17239,17255,17233,17234,17235,17236,17237,17238,17240,17241,17245,17246,17247,17248,17051,16539,17163,17152,17165,17277,17249,17250,17252,17253,17254,17244,17256,17257,17259,17260,17261,17262,17264,17263,17278,17265,17266,17267,17268,17158,17063,17144,17145,17146,17147,17148,17149,17150,17151,17157,17404,17532,17533,17534,17535,17536,17537,17538,17539,17540,17541,17542,17543,17368,17330,17269,17270,17271,17272,17258,17273,17274,17275,17276,17279,17280,17281,17282,17283,17284,17286,17285,17287,17288,17289,17290,17291,17292,17293,17294,17295,16419,16692,16693,17053,18592,16822,16821,16823,16824,16644,16825,16828,16829,16830,16831,16883,16832,16885,16882,16886,16887,16893,16895,16891,17348,17310,17296,17297,17298,17299,17300,17301,17302,17303,17305,17306,17307,17308,17309,17314,17311,17312,17315,17316,17317,17318,17319,17320,17321,17322,17323,17325,17326,17327,17328,17329,17331,17332,17333,17334,17335,17336,17337,17338,17339,17340,17341,17342,17343,17344,17345,17346,17350,17351,17352,17347,17353,17354,17356,17357,17358,17359,17360,17361,17363,17364,17365,17366,17367,17386,17385,17407,17388,17395,17985,17986,17792,17374,17389,17418,17419,17391,17421,17420,17422,17423,17616,17617,17618,17619,17620,17621,17622,17623,17624,17625,17626,17484,17646,17657,17627,17628,17629,17630,17631,17632,17633,17634,17635,17636,17683,17655,17665,17666,17679,17680,17681,17682,17684,17685,17754,17720,17598,17544,17545,17546,17547,17548,17549,17550,17551,17552,17553,17554,17555,17556,17557,17558,17559,17560,17561,17562,17563,17564,17565,17566,17567,17568,17569,17570,17571,17572,17573,17574,17575,17576,17577,17578,17579,17580,17581,17582,17583,17584,17585,17586,17587,17588,17589,17590,17591,17592,17593,17594,17595,17596,17597,17599,17600,17601,17602,17603,17604,17605,17606,17607,17608,17609,17610,17611,17612,17613,17614,17615,18926,17753,17726,17723,17724,17727,17725,17728,19064,17749,17748,17755,17751,17750,17752,17756,17757,17758,17760,17759,17778,13719,13721,13722,17776,17777,17779,17721,17780,17781,17658,17805,17786,17782,17783,17784,17785,17789,17791,17793,17794,17795,17796,17797,17798,17799,17801,17802,17803,17804,17806,17807,17808,17809,17810,17811,17812,17813,17815,17816,17817,17818,17819,17820,17821,17822,17823,17824,17825,17826,17827,17828,17829,17830,17831,17832,16651,17880,17417,15335,18166,17745,17959,18167,18168,18169,18170,18171,18172,18173,18174,18789,18175,18217,18381,17397,15934,17399,17401,17403,18936,17406,17408,17409,17410,17411,17412,17413,17415,17414,18382,18385,18379,18380,18779,17436,17696,17969,17983,18180,17864,17833,17834,17835,17836,17837,17838,17839,17840,17841,17842,17843,17844,17845,17846,17847,17848,17850,17852,17853,17854,17855,17856,17857,17858,17861,17851,17863,17865,17866,17933,17953,17954,18057,18058,18059,18390,17867,17868,17869,17882,17870,17871,17884,17899,17939,17912,17941,17942,17943,17944,17945,17946,17948,17949,17950,18025,18023,18024,18026,18027,18347,18084,18085,18086,18087,18279,18348,18346,18349,18350,18031,18032,18033,18235,18062,18234,18389,18373,18370,18374,18393,18392,18351,17878,17879,18417,18851,18853,18854,18852,18855,18858,17971,17881,18515,18449,18513,18511,18474,17956,18470,18471,18472,18473,18512,18514,18516,18517,18518,18529,18530,18531,18532,18533,18534,18535,18536,18537,16689,18539,18538,18540,18541,18542,18187,18181,18182,18183,18184,18185,18186,18188,18189,18190,18943,18706,18543,18544,18545,18546,18547,18548,18549,18550,18551,18552,18554,18555,18604,18619,18628,18708,18710,18778,18787,18524,18784,18786,18788,18834,18624,18625,18626,18790,19055,19063,18948,18947,18949,19043,19044,19048,19062,19069,19071,19073,19074,19079,19080,19081,19087,19089,19094,19088,19068,18836,18703,19040,19037,19077,19078,18519,19049,18447,17984,18192,18191,18193,18692,18946,18372,18371,18812,18120,16156,16157,17466,17485,17501,17713,16249,15376,15377,15800,15801,15802,15803,16247,16248,16250,16251,16252,16253,16255,16256,16258,16259,16260,16261,16262,16263,16264,16265,16266,16267,16268,16269,16270,16271,16272,16273,16274,16275,16276,16277,16278,16279,16280,16281,16282,16283,16284,16285,16286,17435,17434,18585,18714,18715,18728,18729,18730,18731,18732,18733,18734,18735,18736,18737,18738,18739,18740,18741,18742,18743,18744,18745,18746,18747,18748,18749,18750,18751,18752,18753,18754,18755,18756,18757,18758,18759,18760,18761,18762,18763,18764,18765,18766,18767,18768,18769,18770,18771,18772,18773,18774,18775,18890,18894,18895,18896,18901,18902,18903,18904,18905,18906,18909,18911,18914,18912,18913,18095,18096,18097,18098,18100,18103,18104,18109,18110,18112,16996,17010,16985,16986,16987,16988,16989,16990,16991,16992,16994,17000,17001,17002,17003,17004,17005,17006,17007,17008,17009,17011,17012,17013,17014,17015,17016,17017,17021,17637,17638,17639,17640,17641,18094,18810,18811,18813,18814,18815,18816,18817,18930,18931,18932,18933,18934,18935,18945,18942,19046,19047,17885,17886,17887,17888,16332,16487,16488,16943,16944,16945,17686,17687,17688,17689,17691,17692,17693,17894,17889,17890,17891,17892,17893,18240,18241,18242,18243,18244,18246,18247,18248,18249,18250,18252,18253,18254,18255,18257,18258,18259,18260,18261,18262,18263,18264,18265,18266,18267,18268,18269,18270,18271,18273,18274,18665,18666,18647,18069,18704,19039,18698,18089,19051,19219,18522,19220,19221,18866,17987,16816,17438,16172,17710,16972,16971,17424,17425,17429,17430,17426,17427,15044,15045,15046,17432,17433,17437,17439,17704,17705,17706,17707,17708,17709,17373,17370,17711,18028,18029,18409,18176,18406,18407,18408,18410,18413,18602,18702,18799,18800,19120,19124,19128,19129,19123,18412,19125,18405,18420,15184,18421,18422,18423,18424,18425,18426,18427,18845,17915,17914,17916,17467,17736,16925,17642,16980,17036,17100,17650,17649,17668,17667,17669,17670,17671,17672,17673,17674,17675,17676,18006,18007,18008,18005,18010,18009,18011,18012,18013,18487,18488,18489,18016,18015,18017,18491,18492,18493,18494,18226,14953,18225,18495,18496,18497,18498,18499,18964,18965,19199,19195,17883,18141,18224,18227,18230,18232,18233,18700,18878,18879,18880,18881,18877,18697,18696,17313,16896,18194,18195,18140,16924,18594,18596,19166,17507,18281,17161,17162,17164,17166,17065,17088,17070,17096,18001,18999,17081,17082,17932,17699,17742,17142,15399,17958,15950,15072,18021,17355,17060,18083,18848,18809,17524,16108,19168,19179,17513,17515,16810,16892,19202,19157,19158,19228,15768,18821,18822,18823,18824,18825,18826,18827,16461,16448,16449,16460,16195,16437,16741,15606,15611,15612,15613,15614,15615,15616,15617,15618,15654,15655,16497,16477,16478,19095,18693,19096,19097,19052,19066,16861,16862,16875,16874,17047,18803,18804,18805,18481,18222,18795,18796,18797,16323,17644,17645,17116,17117,16402,16403,16404,16405,16406,16407,16408,16409,16129,16130,16131,17099,17121,18623,18503,18500,18501,18502,18504,18832,18830,18833,14446,14444,14445,14447,14448,14449,14450,14596,14597,14598,18483,18482,18484,18485,18486,18716,18717,19237,19238,17648,17659,19366,19367,18022,18073,18074,18343,15881,17660,17698,16997,18216,18695,18278,17931,16370,17929,18819,18874,18143,18066,16297,17874,17875,17876,17054,17719,15261,18691,15247,16498,18452,18590,15515,16843,16522,18428,18429,15761,17940,14838,15972,14839,14860,17703,17023,15853,18139,18164,14557,14560,17369,17371,17372,16317,16133,19154,18479,16180,16904,17922,17923,17924,17925,17926,17927,18436,18440,18443,18444,14303,16898,17762,17763,17764,17765,17766,17767,17768,16173,16174,15396,16115,16109,14668,14661,14662,15539,17381,19112,19113,17934,17935,17936,17937,17938,18966,15175,15976,16590,16889,13736,13738,13739,18019,17744,15085,14077,16394,13726,17715,17714,13301,13291,18467,13866,13867,15854,13547,18442,13361,19289,16787,16789,14477,14489,14491,14492,14493,17143,16588,16802,16803,16801,13344,13142,13046,13155,13203,15353,15354,15355,13176,13177,13099,15873,16684,18239,14850,12406,19184,12673,12674,12748,14118,19197,17428,15034,14079,16788,15437,18231,15997,16744,14650,13103,16301,16647,18237,18238,18616,18299,18300,18301,18339,16884,13633,13635,17740,18282,18283,18284,18285,18286,18287,18288,18289,18290,18291,18292,18302,18303,18304,18305,18306,18307,18308,18309,18310,18311,18312,18313,18314,18315,18316,15406,14482,14256,16474,15949,16069,16070,16071,15651,8848,11623,11624,16343,16344,16643,15152,15153,11282,17988,17989,17990,17991,17992,17993,11317,11142,17951,17952,11199,14973,14972,14975,13546,18699,18178,10781,16433,10639,16154,14945,13758,13759,15188,15908,15909,15910,15911,15919,10806,16978,17064,17664,17773,17774,17775,16909,16910,16911,11997,11998,12395,18384,11191,11001,17178,12147,15429,11024,18720,19285,12712,11039,11038,11040,11041,11042,11043,18068,14495,18356,16489,16490,16491,16492,16493,16494,16495,16496,8787,17380
17114
18802
17108
19291
6664
6713
6714,6715
18726
16687
14080
13771
7786
11830
7887
8294
10621
12647
8513
13783
17068
17431
15861
15862
12290
15255
18777
18179
15081
9982
10191
17661
11875,13925
11090
12638
19151
19152
11389
17445
11514
11515
11590
16475
11874
13078
12795
18871
18872
12908
12909
13600
16766
18402
16386
13634
14312
16723
15767
19006
19007
16725
18223
18038
18039
18584
18586
18587
11850,6566,7320,8549,8550,8551,8552,8553,9160,10793,10792,11089,11544,11545,11845,11846,11847,11848,11849,11851,11852,11853,11854,11855,11856,11857,11858,11859,11860,11861,11862,11863,11864,12336,16650
6861,6862,18218,18219
16847,6922,6923,14484,14485,14486,14487,14488,16848,16849
7245
7247
7246
8482
12753
8949
8948
9292,9289,9290,9291,9293,16505
11748,11747,11749,11750,11751
18362,11814,18359,18360,18361,18363
12326
12325
12332
12331
13262
13261
13542
13543
13541
13544
15452
18915
14569
13894
14231,14229,14230,14232
14665
14664
14855
14856
14857
14858
15050,15051,15052,15053,15054,15055,15056,15057,15058,15059
15060
15108
15106
15107
15148,15149,15150,15151
15664
15665
15681
15682
15754
15755
16455
16457
16504,16499,16500,16501,16502,16503
16818
16817
16819
17086
17092
17678
17677
17877
19306
18146
18145
18557
18556
18608,18609,18610,18612,18614
19105
19106
19240,19241,19242,19243,19244,19245,19246
