16246,6487,6575,6571,16243,16240,6574,16239,16242,6573,6577,6572,16237,6576,16245,16241,19427,16784,16244,16238,14667
6524,6550
7248,7249
8294,7996,7887
6558,6803,6557
6558,6559
11549,16695,11551,11550,11548,14927,12019,16550,10626,6986
10743,10744
11340,11300
11513,11515,11514
11830,11831,7786
12909,12908,12907
13121,13128
13843,13842
11805,11806
13989,14002
9283,14029
15063,15061
14934,18844
15177,15176,15178,18377
12196,12197,12198,12195
18386,13929,13928,16763
16102,14931,16101,16103,10668
16160,16165,16161,16163,16168,16166,16167,16164,16162
17651,17652,16364,17653
6713,16541,6715,6714
15890,15891
16765,16872
17746,17745
18280,18279
18473,18472,18474,18471,17956,18470
16690,16689
18276,16248
18038,18039,17826
18587,18273,18586
17433,13875
16196,16195
15617,15510
15990,15991
19159,15869
17741,17743
19007,19006,15781
16396,14331
17937,17936,17938,18966,14416,17935,17934
14311,14312
17398,13242
12700,12650
12516,18871,18872
17197,12018
11876,18505
10741,19151,19152
10498,12416
13925,10492,11875,11874
14563,10374,14565,14564,14566,14567,14568
17737,16154
15909,15911,15908,15910,15919,10077
16140,9771
17664,17773,17775,17774,9708
16085,9455
19212,9452
9186,15861,15862
9095,18837
17994,11001
18199,8366
8163,17159
8118,11040,11038,11039,11043,11041,11042
17494,7920
7324,10978
16491,16495,16489,16496,16492,16490,7671,16494,16493
7698,13895
10041,7448
6684,6685
6844,6837
6600,14136,9474,18623,10325,10498,14209,6694,12609,7917,12004,15630,8867,14774,11951,18058,8793,17037,10760,11124,10756,17139,15983,9047,7790,10734,6627,13220,11529,7622,16574,12207,6739,10797,9590,16226,13020,16539,11276,10955,13274,12084,8253,14069,15168,13537,18313,7250,10476,14888,12612,18700,8559,9947,16813,7168,12302,15797,18947,16937,8650,17791,9901,13292,11911,6656,15409,7862,17314,14825,11064,13490,11916,9351,13585,8148,9731,13794,14300,7469,12338,18665,11014,15535,14728,12421,11316,8960,9925,8377,9295,16194,16577,14846,11996,15277,8782,8249,7211,16987,10355,15283,7920,8498,15202,10630,17015,13012,12954,14420,6630,7755,18514,12520,17922,18030,14560,9806,7119,13985,7302,13310,14445,11557,10882,10445,9025,12025,9312,15201,8864,10494,18704,8825,14342,11145,18307,11101,7027,8669,10688,15944,12803,16022,17101,14385,14725,18698,13710,7688,13932,15024,9341,12099,10485,10447,17365,6966,6768,12307,10180,14092,9053,18271,17423,9579,13625,12262,7832,18301,12541,13654,14001,9377,6733,15997,9226,17996,9657,15641,12624,7334,12186,12358,12940,9824,10042,14029,8620,17308,9294,12220,13554,9456,11796,8576,16448,13955,11543,9408,11327,13044,9036,13303,15319,17004,10488,11245,9251,11978,9140,8023,8345,10931,6732,14652,10571,8351,6899,16426,11956,14363,18176,13787,6752,7184,14213,17929,18703,10035,7230,11727,16183,15046,14957,10008,15483,12688,10819,10338,7754,9689,11022,11174,8284,17213,8196,18753,12727,9692,16409,9454,10528,17285,14943,14329,10858,7210,7610,18825,14752,17449,9968,16610,12322,12669,13749,8395,7682,8872,7791,13075,11200,8087,17659,12306,18175,12558,11242,10442,14434,6671,13647,8870,10717,8943,8279,10821,12511,10212,11834,9314,12617,6886,12929,9821,18084,18946,9333,8350,8281,8791,14084,15622,15895,9495,15796,9738,14218,11251,9557,10722,13200,9748,17422,16834,18033,18226,16293,10644,10075,7563,11193,9398,18110,17190,7996,11003,11072,11055,19128,9034,7378,7601,8327,10193,11233,9101,12278,18539,7825,11447,8901,14049,15016,16742,12928,8450,19039,16516,14330,10658,8458,6845,6597,17038,15441,10701,12967,9223,18743,13122,9713,6970,11508,14500,13944,9288,8269,7450,14341,14376,10690,17684,11459,16156,18447,17291,18696,16154,16911,14419,11658,9357,13815,16968,6866,14696,8675,17331,12423,10295,9449,14807,11259,11361,10452,8920,13074,13156,17074,16280,10409,10170,6611,17650,10195,16111,8861,9209,11374,9189,11474,16761,6978,9780,16588,15121,8648,17292,10857,12756,8679,17743,12968,12807,15223,8655,16636,8192,12010,16821,12862,7464,13033,10060,9426,9810,13820,8293,12531,10322,15471,14482,15388,14011,10211,14662,12252,9517,13240,6773,9204,15545,17116,17983,17608,8582,13010,10725,17275,11609,7577,7556,17535,16808,14517,14107,10051,15164,6889,12036,13552,6909,18071,12955,13344,14497,10904,13725,14947,12394,10340,10786,15818,14289,11473,12156,8509,8739,15480,11215,12552,16380,18027,10929,14908,8512,16623,15428,11935,7727,18495,12048,7329,11594,11581,7684,6670,10115,16985,15457,11478,8546,7223,16528,14025,6817,8261,8703,16751,13691,7743,7376,8273,6648,11366,13110,16938,13144,16498,15454,7506,14895,13968,7035,8952,19055,14362,18708,8778,17583,15415,7161,18770,8161,17591,9463,7438,8629,6502,9131,12887,15449,8413,15722,10120,18141,12483,18858,9233,7154,7870,16909,8755,8747,10649,16830,12529,6618,8849,15660,18374,15216,7317,13763,18417,13319,14529,15562,12587,9057,8884,9281,9554,15621,9188,11931,14099,8042,8032,9041,15546,17825,16927,15811,14304,10610,6501,12152,19097,9960,12314,7077,13702,14697,10706,9436,8359,18616,18691,17602,7087,13775,9453,15212,16263,14374,10465,11256,11599,16099,9883,13119,11915,7496,16781,11232,8927,17716,17870,9397,6610,18015,9499,15736,17149,9433,17620,12747,8005,11690,17309,16531,8231,17324,11725,11629,17415,16626,12581,10385,7497,14779,6891,10737,10834,9221,9439,8401,17192,9094,7494,11930,12827,9307,10083,14929,17154,7037,10412,15152,6744,17736,16734,7422,16950,16567,18487,7775,15169,16307,13865,14491,14250,13014,16428,10003,11985,9503,14208,14592,10471,11397,9254,8402,16079,6770,14554,11099,17832,8041,11628,8410,17187,11944,9927,10333,12982,14091,10050,8486,12145,15144,14838,15822,11905,17484,17234,11699,14671,11428,10218,9908,13881,11531,18427,9358,19088,10028,12011,11759,9768,15203,12614,8052,7083,18343,17113,14926,8163,16806,15893,14273,14368,10675,12272,9761,17052,7333,17340,17563,17900,19184,16958,7202,9860,8514,16713,12521,10293,19145,15369,9356,9853,12271,17000,13666,11030,12293,12512,10726,16109,9576,7793,9562,7280,17954,7744,10846,12505,10584,15300,14602,9967,17824,15443,15289,11680,10501,19221,12991,9031,17921,11788,11496,13507,17220,8677,6864,11218,14062,13223,15977,14174,8434,10570,17267,17134,12971,10533,17584,10158,13210,8054,18759,9363,15417,11334,9945,6520,15344,10231,18710,10839,9091,9407,10855,15242,17581,10086,11386,14167,12861,17770,9809,13645,8924,10274,7474,6947,14474,18772,16136,19095,18736,14228,11791,17908,10424,16360,16039,15375,17637,9420,10894,12975,14308,6826,11065,15325,7089,15306,9270,16727,11811,12202,6962,15689,11873,7696,9623,14739,6814,18817,10162,9966,16283,17462,15021,10421,16052,17067,11598,10611,11994,18191,14975,14536,12869,12279,17804,17490,14098,8847,11113,16381,17057,8170,9215,16087,15599,12179,11451,9615,16884,14860,15302,12625,10299,11255,10826,10187,9173,12799,7158,12453,9482,16187,12478,14994,18584,17210,12868,6769,10787,12334,9619,18083,13005,6530,14476,8531,18697,14626,18029,16345,12000,12055,8875,13089,15810,8980,6584,11128,17242,14651,9662,15077,13247,13598,12020,8936,18080,7331,8309,7445,8611,18779,10427,7847,18769,17076,18513,8093,15042,15446,17095,16910,9048,10085,18407,18408,17088,8172,8893,7287,18715,14804,11384,9863,10388,12018,14753,10031,14101,14958,10767,13900,10236,6523,7910,16157,10235,8420,17833,15708,12906,13660,13532,16354,11891,11161,13852,12062,13072,15124,7567,7082,7172,16126,18401,7826,16323,15470,10110,13474,17713,8683,17685,12734,9330,13281,14061,13553,8366,12477,14217,11068,6509,17353,15643,12864,10182,15359,10272,18062,9400,12993,15972,15487,10581,16576,18519,15578,10646,9885,8406,10014,10831,7703,11036,7666,17944,17270,11701,9989,16012,15228,11075,17077,16019,6937,8666,18243,10169,17573,9757,8985,11284,18602,18349,8521,14593,12811,17909,13690,14380,16949,12585,8850,6798,16340,10973,11405,12227,13799,11052,13675,10242,8432,8766,17726,17712,6695,17999,13568,14312,9151,6787,14577,8363,8297,7086,11282,8464,8139,18504,12116,7634,15157,13792,6784,11729,10677,8713,12665,13052,8203,8871,19219,9999,14244,9455,18423,8000,11336,9061,17143,16356,15146,12264,12168,8370,9343,7298,10216,6543,8026,6593,9827,7139,13228,10950,18585,13257,7828,7840,15007,7120,8416,9305,12295,9991,18796,13352,16728,8835,7628,17451,13073,14192,6596,6554,9994,12822,13910,12035,8979,9141,8805,16279,8429,17834,17665,12681,15870,14251,15172,15249,13107,11387,18281,16119,11466,9302,8158,17204,11780,11442,10058,17413,15118,13103,16931,12096,8628,16776,11424,6665,10627,18529,7407,15001,15837,18048,14672,10064,12126,16725,15394,13245,15869,13028,16309,10940,9065,17024,15992,12924,9737,7078,10670,17812,8635,14237,15603,14645,8765,16745,17133,12434,16437,17878,11761,18880,13246,17219,14002,13571,11169,7844,14446,8566,9174,13591,8254,16912,14915,11795,10171,8853,16960,16256,15271,12985,14526,11189,14014,10606,7384,18303,9321,16939,13314,16349,11572,7377,15094,8286,12053,10146,9310,10194,8587,10654,14738,6646,18288,8987,16548,16787,8472,14676,13830,16255,8593,7823,17547,17526,7061,14708,8929,9813,10751,17436,17041,17577,10928,9703,14932,13655,9479,13105,7412,17574,13355,11220,11028,6721,15923,7491,18784,10219,11883,9527,12021,17711,13703,12532,11152,7024,10663,14777,11188,6914,16591,10140,13969,9417,10479,15080,8277,7759,9354,7373,15192,7607,7138,12386,14919,12215,11505,14870,12352,15158,10595,8954,8141,17335,14396,16095,7052,14070,11653,11495,8851,12772,12702,9180,9712,9488,16775,12082,17953,17407,8250,9583,17724,12318,12507,12923,17627,6585,16970,8962,10361,11116,15529,8938,19124,18732,15800,17625,13491,13523,16724,7853,13622,12113,11746,12088,14475,13226,7751,7571,18189,10464,10290,9405,12555,13620,17700,12335,7200,17613,13700,9634,16475,18451,11423,15429,11413,12604,8050,18854,10510,16750,15583,13049,11535,11430,11446,7687,14007,11580,7456,13024,14205,7624,8862,14180,17951,13719,11633,17696,12217,12828,14896,18830,7460,17943,17321,12389,13833,14035,9674,16234,14272,10481,14741,15838,7261,18389,18749,9845,7403,16320,6693,7031,12308,19217,10600,6540,13860,12695,9802,11325,13030,10297,18903,19291,13515,7021,17221,10609,16368,17646,13693,14703,7260,17771,18443,14828,14351,14695,15410,16738,18264,19008,17795,11479,18309,11208,16638,10827,15848,17260,9437,16646,17231,9832,10493,12916,6831,17445,10829,8800,8174,8808,14758,12559,10966,12502,17430,17003,7075,9139,11020,9699,7734,13857,14905,12089,7931,17135,8075,6626,12622,14333,11196,15845,9566,13747,7547,7234,16339,8651,18474,6956,16082,8144,14630,17300,11954,7651,6921,7632,6959,12094,8428,7552,13791,11066,15819,8112,9628,9721,7713,15489,10129,16282,8618,14724,8541,16792,16924,14139,12468,10958,7866,9602,14746,9732,14373,11448,6974,13748,18766,9027,6636,7318,18231,9596,17776,9156,6491,8994,7186,17302,13920,7958,14880,13091,12339,9287,10742,12771,12509,14606,16133,16510,13506,12501,9940,17063,7921,17274,11960,9929,9735,14628,11346,18204,14366,13574,8621,10414,6536,14709,10399,13239,14367,12102,7364,7613,13540,14134,11358,9306,7783,6800,9319,14286,16051,15970,9030,17293,16142,7043,13573,16074,13804,18070,7142,16630,8535,15707,9786,10681,13717,6699,15105,8810,13575,12707,6967,17636,16233,17198,6496,15069,14352,14660,10125,8750,16143,15395,18503,15863,14121,12224,18549,17180,7656,12773,15135,16508,17524,16315,12961,8296,12845,16312,10901,11497,9359,14733,16173,16487,17848,8110,15421,13182,15900,17624,10711,6871,11781,16951,17747,8974,15360,12246,11371,10910,8734,8308,14649,15329,12222,7254,18209,8034,14278,15652,8349,14580,8561,19015,11872,7789,12742,8290,9680,14509,13536,19079,13648,14589,10289,10257,12546,13632,10943,7922,13636,7322,17347,15543,8977,19081,14378,17610,7270,11819,10879,9464,10870,12135,12802,9032,15033,13692,7128,7068,18103,14619,10104,18217,17229,17756,7323,8770,7036,11972,18375,16132,13663,18050,9225,15733,15518,14659,8702,12432,11421,9196,16347,7528,12006,17482,13793,9636,18738,14800,11180,7900,7492,12722,10499,13013,17692,11621,6764,9920,11962,11825,14612,15737,15341,12557,9123,14361,13946,11524,8668,10315,6796,18370,17362,7875,15617,10032,14982,15239,8594,14199,10847,14594,15710,11010,6612,17286,15272,18268,9734,11069,8150,6789,14945,12605,18211,9020,11843,11100,9915,13592,12181,18517,11017,17245,7381,12805,17461,11829,13737,12460,9992,15002,7179,7051,8659,18550,15856,14147,13060,9762,12426,10550,9588,17861,10475,11073,10569,17433,19062,13305,16318,14525,16719,15573,13755,9497,18795,8128,15473,16986,9805,13154,12388,13976,6905,17496,14348,11156,6954,16353,15954,8971,17626,16385,13524,11896,17863,18895,15279,12693,13683,16464,13619,11724,6906,17215,14252,16264,8209,11262,8435,10127,12849,12944,17800,14902,9745,17060,14620,12911,13238,10159,15195,9298,14144,12288,13917,12579,9509,14727,9158,14949,15205,7694,11243,9136,14481,16075,13021,11526,12440,16331,10975,8357,8103,17859,6823,11634,16603,12623,12044,10005,8264,15691,17587,17876,10436,7668,7226,15794,8096,11683,7769,13771,16944,8527,8302,14578,16961,12678,8711,16711,18414,13066,14717,12148,7269,10634,13724,13535,13898,12430,11712,16633,13734,15464,7029,13337,8832,12435,13566,11832,10917,14942,10431,12493,7692,13502,11225,6549,10080,11971,7872,8796,9521,8022,15316,16195,15025,14461,14227,15541,7928,19096,16065,15640,11698,16976,8897,15530,8164,9695,17330,17682,15927,17034,17311,8379,8590,11708,10376,8999,14822,14082,14511,8462,14006,13059,18909,15761,8010,15832,15328,13205,12930,7716,12193,16598,13165,9658,17357,10411,10021,11646,7189,6743,7123,14132,15384,14997,17200,7698,9325,7591,18068,14169,18524,12130,10215,7711,15830,12680,11048,10891,14079,12418,18496,11120,12660,8009,7869,12297,6989,12267,6683,8134,18592,14353,7895,14212,10020,17371,11254,16062,11656,10710,8905,12414,10921,14005,7523,9764,11718,9892,8097,16037,17425,9621,7040,16150,11890,10208,6825,17265,8681,16071,10623,15468,11239,16770,14307,11013,7312,12528,12898,12697,6492,10795,9056,12075,10019,12551,10053,11331,16899,10294,9594,16066,15768,14810,13255,12709,12118,12110,13874,8021,16314,6920,11842,8362,12242,7732,11162,18762,16875,13897,11627,8211,12860,8205,19116,7710,13826,16816,9224,8217,14299,15073,9240,14346,18533,10426,15958,13517,14087,17404,14773,11782,6869,10723,6717,10757,7879,7104,7105,8913,13132,10405,6595,16829,17372,18805,10371,14991,14506,7162,6981,9459,9171,18714,11338,8447,15221,11637,7626,14024,7301,15036,7249,14574,18174,14760,12673,14615,10909,15987,16032,14827,15790,11380,8159,7294,16722,15187,16115,8300,17054,14941,18265,14161,12190,16956,15513,14323,6539,12597,11953,8597,11198,8073,9218,15556,9088,10671,9959,16644,18890,15496,13356,9856,16402,8204,10468,11512,9296,15949,13125,17048,19064,18214,10024,13054,18164,17872,13290,9890,17706,9051,17278,15875,8445,7657,12583,13237,15534,17373,11401,10225,12931,13199,9700,7319,17663,9610,8583,10548,16220,13264,16841,9859,18786,17176,9535,15611,7069,14504,17655,8313,10353,6945,10926,12951,10590,9038,12829,7919,7797,13987,15357,12859,8548,17668,7756,12636,6950,13633,8004,10513,7307,8071,17477,15821,17559,8710,12692,14617,12781,8288,16325,17611,15380,10897,10220,12069,13738,16617,12180,13084,11151,17273,10067,13661,7236,18266,9848,6515,7424,12078,10384,9922,17358,14646,6934,15045,7602,12577,11758,18167,10555,10449,17432,18052,13770,10804,7741,14276,13822,14261,8282,18481,12218,13891,13935,14012,17805,11798,17874,12312,17483,7699,15017,16570,6729,14156,12996,7993,7903,17590,14780,16864,10156,14875,11482,14608,8151,7950,12990,12677,17623,14477,11929,13626,17209,11739,14260,13207,14427,7999,8602,16386,9829,18143,6890,6598,18242,13858,16265,13913,17691,10226,18208,17801,11234,8957,10352,11839,14423,11053,9858,10648,16930,8024,7079,14078,14416,10243,10163,12201,11583,8721,9166,17269,18010,9652,10390,7414,16086,11440,9549,19089,13930,12621,18720,14700,12918,16222,17844,11990,16193,8207,7640,7520,12566,15524,11733,13529,17240,13572,7728,9673,12856,18600,12731,9273,11546,13870,12320,8988,18032,8768,15451,13854,15252,14791,16587,15647,9157,16714,13807,13171,11160,10330,16268,11565,17599,6616,18253,7315,18627,16839,12503,18832,14413,12877,13326,15817,13225,11981,8378,13043,10052,14503,12626,14215,11139,8878,12691,15539,11415,10719,16223,8997,11481,8307,12524,18356,11246,17786,14512,15335,7266,11808,9211,10331,11652,17158,17942,13677,10521,13722,9585,14951,15350,16782,10594,8749,8735,17512,13076,6519,12826,9820,16481,14064,17769,7341,11650,14151,14009,10418,8466,11801,14198,14391,14761,6860,11078,6514,9214,13212,12284,9729,11564,9835,9423,13551,8615,14282,15993,17596,17479,15423,15068,13934,10336,7572,16413,11000,18494,8785,7898,12240,15558,13674,7953,17822,6561,15525,10583,10372,9429,8926,12701,8467,17472,18173,7562,11148,7894,18104,12870,14735,13752,12123,10359,8365,7658,7507,13142,11604,8882,18008,18535,9678,15978,8714,18428,14559,12768,14440,7886,7499,10505,10803,7060,17899,14247,14125,16401,15120,12474,11504,7595,12422,9452,9513,7454,7673,8964,11938,8879,14502,12670,12324,8809,6874,12249,8219,12171,7739,9077,17261,11223,16069,10790,8195,10253,8814,16873,13878,11349,6522,17264,11885,14340,18467,6983,9465,8588,8880,9891,15947,13732,18702,10758,7005,15563,15088,13159,9271,7188,17750,9144,11709,19078,17392,13967,8951,8726,11569,12720,15922,7055,9720,14845,18774,15459,17632,10733,11219,11895,6532,9384,9266,12714,14127,9575,16251,14767,16358,11024,7367,17167,17374,13699,15881,11558,16631,18315,10993,16141,10128,7413,10486,11365,17907,16404,15850,17262,14241,16696,14899,14743,12355,10457,8740,17785,8048,12763,17761,17617,8917,6588,13287,9118,18017,17011,17755,17993,7190,11326,13478,18007,7947,16144,6727,14966,7892,14158,15258,17381,13328,9149,11177,7540,8295,10077,15406,14911,9230,12038,18387,7095,11807,10346,15315,17266,12523,17856,12283,11745,18087,9624,12299,8016,10164,15829,8085,7435,7880,7649,7750,9126,8479,18802,8716,15323,6944,8996,15865,16374,14146,11612,8662,7593,15217,17595,13088,12672,14050,7187,9682,13196,10244,16429,8225,16619,15802,18089,6639,16715,13587,6994,13011,8306,14377,8899,12809,8807,11004,16822,15501,17852,15791,10168,7932,10699,15304,10999,7819,11409,7221,14682,12164,7117,8718,8798,6560,16096,10635,13825,8857,10069,18299,11335,17171,12370,13613,10985,10214,19166,15293,15114,17505,8790,9862,8695,11706,10287,8202,8731,7557,10887,11973,9988,13776,8705,16757,12079,7545,7934,12441,10664,17537,10602,8761,16883,12801,17842,11185,10641,12570,16964,9888,7220,11937,6839,12289,7177,8489,10536,14806,7923,13678,12383,14044,12149,13606,16411,14876,11074,7965,6730,18647,10639,11104,11696,15966,9003,15996,11675,17361,14839,7781,16823,17179,10970,16963,9690,18241,7321,17276,8331,11976,17148,17338,10852,14673,13905,14872,11441,13146,8265,16377,9460,9514,12380,16152,15743,15041,11603,8354,8344,16100,7805,16895,9591,7618,14388,10153,13580,10613,11098,14280,10942,14392,16991,11403,8661,8049,14160,7997,6965,7277,12997,10025,12428,14383,8877,16979,10666,11772,18312,17151,11348,17618,15127,8802,8993,10759,9790,8320,11571,9069,17403,9617,15156,17420,16520,12469,7638,6759,10954,13231,17676,7512,13995,16731,9350,17378,10135,7978,10625,10224,8180,9199,6545,12945,10026,7648,9477,17629,10674,14202,17045,10223,10661,9078,17932,15458,13562,6623,17390,14131,7725,6538,12158,10252,9987,7490,9217,16580,6631,11523,11396,9299,12313,9347,7582,6790,17867,7395,17144,9040,14983,12705,15153,8887,13984,13970,17375,8095,17437,8510,16430,7831,19125,7486,13899,10300,14398,13477,9481,9570,12794,7498,13782,7452,6761,14507,17841,10046,13609,18734,10343,11945,7505,18511,9837,9098,18291,19046,7570,16056,10036,8840,15581,8865,16512,15009,13669,10101,12424,11364,15255,17010,9414,8147,17359,18300,11616,9879,12825,8824,8626,13129,14172,8771,6763,14018,11766,10351,9877,6900,17811,16997,12650,12847,10919,8505,16888,18339,10491,14650,11321,9706,7942,7160,11127,12879,15037,10922,11731,8271,11608,13017,11029,9070,8856,18501,13082,7842,8230,15018,11813,10837,14711,9122,15656,11800,9011,11942,17356,8424,7487,12030,15559,10478,10547,16941,14970,16387,11588,11533,11339,10121,16176,12104,11908,7643,9297,6781,11110,11921,6867,9115,10114,8044,6778,18406,11677,14639,17604,18402,7014,17342,8528,12311,10251,10788,9533,14016,16688,10886,11715,17513,16131,9261,16322,13958,9352,11997,13937,11491,16172,6818,6838,12730,18754,17195,12979,8274,14306,8507,12095,11143,14835,12728,12286,16996,11389,10707,9320,11757,17418,6682,17545,14063,6836,14054,10779,12740,12782,14257,16124,10308,10369,15399,9727,12606,8631,10640,13042,8059,9486,9910,15130,6518,6754,18235,14900,10836,8409,17360,14349,8404,15139,17630,17868,8759,19070,16558,10705,7116,10691,7690,10617,12276,15391,15167,7170,8542,9355,16518,7337,15142,12599,7574,13115,15189,14607,17125,11417,15960,16179,13032,18943,8617,16861,12603,17517,14940,12064,9422,6779,12444,10636,13890,11786,7824,7459,14345,16370,14404,13492,17679,7555,9685,13750,14086,17673,16482,11249,15393,16267,13991,15995,14576,8900,18478,16523,12367,16594,17287,6719,18823,13338,10844,11821,11337,6511,6883,15835,11347,7535,16764,14454,15897,9468,17202,18542,10853,17217,15713,13068,16007,7683,16006,7286,10728,12902,12101,18866,13163,17989,10963,11379,11274,10463,8239,13096,11527,15063,8607,16355,13485,11986,8007,13118,11407,11717,10281,14090,11088,6526,14234,9560,8444,16943,6541,7568,13359,11877,15267,14256,17476,8465,11060,17605,6559,13685,12543,13695,13840,15533,16252,10241,14238,9421,8693,9039,9568,12556,6620,9603,14561,14094,15948,16174,17779,13173,10935,9880,16637,18057,18811,14553,16248,12628,7972,6750,16046,15420,9484,15542,11611,7735,9687,14381,16758,13299,14884,17720,15735,15801,9197,8011,8756,8660,13707,17344,13000,12687,10877,14530,13324,14059,13317,16568,7433,10327,13903,12823,8078,12662,9186,8795,14287,10357,9993,17467,13841,9642,12648,12384,18421,7968,11462,9229,9592,10066,6591,11146,13696,8235,19144,12912,9801,9744,8828,6637,14130,18044,9970,8029,8190,10040,7777,14648,9112,9694,14770,7458,19197,9904,13112,12994,17601,17836,13646,12572,14544,12637,10972,15886,15600,17586,16857,7457,10556,13739,12804,9054,17754,14194,7259,13148,15469,17592,8298,6542,7548,7714,12054,8437,10933,17471,17018,10237,8036,7543,18233,17012,10911,18169,12808,13947,12125,15935,12592,17556,17284,17243,13481,16596,10801,9346,10589,12776,10980,16706,7025,17419,14408,8256,15646,16575,13596,12100,18815,12205,12097,9050,14438,10727,7635,13780,7659,14890,11991,12210,7360,12165,16513,7941,7959,9918,8336,16936,16330,14399,10881,10683,12903,8838,16602,13672,11150,10755,9064,7016,14496,11789,13520,6552,12300,13152,16593,6938,14313,11404,12635,11345,16462,17410,9021,11882,15003,12376,8488,11332,6498,15798,18021,12575,11257,9183,18046,7536,8613,12340,11577,14787,10655,8335,10059,15705,8132,11046,11207,11175,14426,12649,16181,10965,7088,7551,11560,7644,12132,16609,6898,9614,10454,10489,7483,10179,7251,10692,19199,7283,12638,8545,10015,14265,12419,14533,7352,18182,9074,6590,17426,10422,7963,8193,7252,15776,15961,14003,8652,12865,14706,8843,9150,10303,14627,12237,8317,9663,16261,10682,17533,17035,14406,14089,15004,15778,17809,7289,10695,11640,12287,13512,9515,8909,15521,12853,16055,13526,9833,9303,10817,16021,10650,7311,18285,16606,13848,7970,14320,11940,17216,18289,16076,13263,8384,13802,12103,17688,8520,18234,14166,10898,14601,13741,13214,6830,12885,8241,9612,8346,17009,8129,7383,14528,12319,10437,17152,10230,7006,14702,17680,10680,9318,16530,11236,12175,6672,10740,13567,14598,17958,7288,14490,15888,14226,19087,8781,7090,13215,18530,16746,13150,7471,12977,8569,16994,8473,10400,14581,13896,8318,6609,14904,15721,11431,7911,12232,15398,7611,15537,7730,16419,12590,7522,12305,8930,18515,17377,18188,12014,13106,11520,12228,10605,13143,11689,9656,16955,15427,8229,16621,13057,7691,12966,9259,16527,10082,8194,12443,17244,7532,8608,17534,16329,6697,13268,17544,10439,12539,9542,8299,8040,15538,17218,13358,7594,9861,12296,18193,13094,11552,13090,6698,10006,9163,15382,17683,17070,11214,9089,6718,7633,17051,8149,8015,17941,7062,7149,8918,6603,8736,11654,9618,14863,9213,9808,10597,6531,12350,12112,18594,14705,13912,14742,9373,6958,17085,13342,13345,9825,8127,7273,12724,15269,18845,12327,10131,15825,6507,7980,6649,13880,18305,14638,17763,14200,10470,10469,13160,16478,15231,10190,11586,8114,15823,9170,9334,13185,17100,17230,9238,7785,7253,12356,11408,13332,10967,10055,13867,11833,15456,16940,15839,9798,15491,16934,8700,16980,10579,13041,16394,7981,10319,17501,12315,11797,9564,8530,15265,8970,16308,13788,12027,14732,11436,12291,12838,16287,14881,9608,16018,8658,16375,9300,15101,12591,9939,17184,16321,8963,14263,12105,7350,8426,15075,16112,12285,16145,10854,13723,17866,13560,11561,10913,8440,9905,9366,7792,15346,15263,12593,9470,17725,13996,17029,13275,10777,6997,14480,7841,13859,10391,9957,9277,15565,12526,18162,8544,7672,14837,18452,19289,17802,10920,11422,11595,8126,16879,13254,9104,14687,17068,7010,8470,9046,12607,15520,17042,9120,15760,15575,12041,8574,8517,17352,18059,11734,7829,15940,13354,14647,16628,15765,11134,10356,7279,12214,13676,18095,11445,16874,9360,8018,15032,12013,17939,10256,14471,17960,6676,17090,16812,12154,13736,16529,8745,13658,15655,15536,10202,10102,6949,14096,7717,8827,16914,17740,17647,16554,17350,6758,8644,8616,17211,7904,13087,9638,14382,12073,14046,10130,10404,6976,10789,12574,8664,7653,8526,16072,15162,10105,11492,15136,17025,13347,14294,14917,11049,17282,7525,10377,11419,7039,6635,12481,12129,15301,8555,7939,7877,17705,16128,9964,17799,12059,8571,10360,14597,9473,16842,14912,14343,9907,18002,15284,10291,12647,14590,17289,8839,9941,17186,9052,14821,14973,14850,17689,14000,12942,13002,11774,16984,12899,13235,15878,12547,15000,16342,7466,16860,16311,18181,8578,15582,14021,15657,14319,7802,13652,17327,13829,10268,7022,16414,16506,8449,15855,13743,15098,9372,14823,7293,15219,11651,13206,12349,11904,12833,10446,10573,17002,9491,18390,14038,8372,6547,17368,15690,13343,6734,8508,9641,16177,8841,6516,14816,8361,8242,19066,7132,11737,10196,13243,7636,17421,8191,9216,11119,7517,8773,18933,13623,19069,7586,6824,15317,8965,12250,11923,9739,10234,12282,11411,17136,7787,7809,9753,11624,10473,14730,14704,8383,17389,7167,10392,17701,18247,17704,7199,15320,18047,17401,8815,9965,11975,13295,6500,17043,16105,7647,15166,11643,10736,11450,12342,15026,11133,15662,11927,18848,11057,12258,6705,14603,9917,11536,9715,8720,12420,16586,9000,18380,8105,6904,6777,13923,7310,16275,16693,7945,7695,16274,16762,17431,7737,15913,12848,7462,10342,10774,9784,12449,7195,16891,15314,7276,18554,15034,14898,7914,17470,10056,13109,9951,11714,13302,6843,14240,8741,11622,7843,9924,12219,18912,16344,17013,15379,12490,8981,9134,7401,15397,11987,15969,15198,10344,8725,13278,10962,7264,12733,15844,17798,16948,15196,10802,10284,9701,14470,17569,11992,11132,8136,16285,11700,10016,18225,16030,9084,9788,11794,15561,7720,11762,7957,7467,14688,17971,12504,17334,7131,9252,7995,18184,12402,6586,8237,9598,8197,13323,9841,11553,19366,11909,12613,6821,9632,8077,9803,17649,17294,13055,7133,19051,7661,8425,8894,11141,14301,11679,10142,17641,7434,12166,17969,15738,15786,17672,13244,12037,8639,7354,8684,7752,18260,15560,11410,15403,9073,15979,14124,7309,11868,17817,13961,16648,9324,12060,13534,9661,8289,15727,17178,17766,14051,9391,14886,17719,14759,8257,7723,11959,12537,9172,15264,7174,6760,15474,11562,9313,6931,16579,11596,8033,7765,13489,13951,9431,7606,18949,15190,13959,8690,10895,16114,6870,6968,13847,11221,15372,6979,11516,7093,9260,11517,6706,18278,16926,8596,8586,6963,18025,18758,6766,9597,8461,8803,10415,11164,13856,13806,16081,15253,18274,8764,16560,15946,7063,10495,6951,13689,18222,14433,11632,11898,12970,18819,15623,15847,17816,6644,8403,11767,12363,13250,10038,13092,14181,15614,12373,11238,15137,16180,13329,6647,8130,10239,7389,8064,9655,15022,9316,12762,16073,7115,17225,12003,6548,9714,17597,16627,12792,6859,18548,11906,10932,9574,9469,16645,13698,12147,17945,7902,17061,14435,10474,17758,17312,9201,17455,8443,10592,11901,12661,18437,17645,14771,6537,13183,11031,13644,11114,6885,13108,16563,18881,17671,10496,17819,16641,17949,13480,10916,14418,9909,9705,9540,15921,8244,15989,9799,15658,14868,16042,6599,17161,13559,10799,16851,14762,17329,16889,17990,18232,8408,7124,15122,8386,12615,12155,8177,13653,15160,7788,7222,12540,14910,12070,13136,15879,18693,17555,8236,12644,8315,11005,16632,15985,18764,10561,14085,7749,18425,8940,11989,6788,10288,9611,12462,10832,15194,11047,10761,18756,16555,7990,11456,16408,7099,13973,13493,9949,13051,8859,13649,9544,7173,18372,14556,18545,9117,12429,19049,8560,12122,9536,8709,17142,13475,12739,11722,8746,8946,10780,10523,6990,10721,7080,7196,8704,9409,15767,15141,15370,16887,14119,12203,8753,8157,16227,17306,14270,9105,8418,17527,9569,8245,7477,9276,6657,15503,11329,9759,8834,7272,17796,10174,18590,11483,10621,16041,11051,6681,16702,16050,6564,17509,8117,11182,9719,17005,11785,17241,8984,13711,11958,14338,12269,9742,13335,15390,11012,15766,14149,17797,12843,14924,16507,11158,18827,11730,17808,13539,8067,16301,16767,17507,6797,17546,16615,10222,14411,13634,7194,8283,6913,18512,13798,12818,15488,10914,15604,9772,9323,14909,12717,8019,15246,15299,7530,16825,7345,6952,7054,18258,18287,17875,14206,9778,12008,8154,10451,14095,10334,6991,6680,6894,11528,16721,15613,9789,16988,9015,10148,10572,15286,9392,16295,14317,15292,11159,16395,16607,14989,7437,14148,12703,15880,13938,17643,9127,10689,17860,10783,13708,11936,14140,13986,10678,15968,12534,7109,14164,12594,7182,10070,10238,10703,12857,9643,9626,17759,8053,11425,15432,8092,15273,11812,7392,8124,7726,16749,10022,10903,12948,9329,8601,9396,7771,12871,14242,17121,17589,12170,12889,19179,18011,16045,15138,13993,8210,13093,7800,18185,10264,18429,15965,7544,16564,12987,10628,18237,13964,9244,10329,15070,8653,10712,12375,11897,6569,7821,7489,10209,15100,8215,17721,16317,14678,15353,12346,11687,18054,6801,13879,14747,10807,16384,13197,13850,8080,17332,10389,8504,12039,10907,16025,18180,12433,7092,14266,11135,10312,8663,14143,13733,18249,15416,12497,7721,9648,16740,9593,9986,7430,14040,14726,6847,14429,10849,15898,15303,13893,6645,10113,10106,10068,16405,11253,11081,18250,17007,15112,18945,18812,18948,14175,15783,8374,16068,12263,7033,10423,16017,7679,9528,13300,13123,18168,17263,8609,10545,13067,13906,6915,15499,13339,11222,17575,11970,7007,6895,13007,8547,12074,10672,9438,9153,17657,13288,10997,16795,7192,16278,8325,11432,13721,7094,7905,18509,16399,16701,8352,13615,8165,6783,9578,6794,11948,16769,16236,13922,9684,7987,18555,10748,17912,16716,10466,10302,8453,8487,14514,10167,11154,7097,13697,18537,12788,17391,15793,6852,11285,17897,9434,9082,16846,14255,16524,9876,12255,14789,11468,8446,13855,10791,10889,13531,9650,7772,18094,10087,7281,7697,12482,17305,6563,14718,8915,15982,14448,8636,9492,14068,8047,10631,14683,18757,9457,10314,11237,14710,13179,11444,11155,7426,9250,7342,6887,13134,7675,9494,10425,12632,9963,7955,18186,9378,9280,7231,18436,11184,13348,16855,16271,12191,8373,10009,10217,16338,11015,11865,9609,16811,18936,12463,8717,13579,16171,10992,15295,10949,12223,14819,12564,9404,9125,7335,14430,19285,10514,16480,11659,15688,6933,14269,15163,17504,16882,16768,9524,15396,7938,7216,8955,14344,11443,13249,13190,6957,18824,16640,8258,8422,8969,18223,8392,7989,13971,16080,15889,6984,13508,14796,18546,9637,16921,18867,10301,16290,15777,18203,7084,10137,14716,8885,7034,18879,18426,12204,15531,8431,8698,8539,12759,17894,6525,15312,10516,18171,9586,15853,18304,14499,15444,7296,10482,9510,7379,16461,8941,9184,10998,14020,6619,16824,8939,15928,16618,17622,17551,13588,13773,11695,7526,11768,9980,11359,14584,13360,17829,14527,16346,15096,11121,9026,17429,9842,8737,9393,14734,15081,10207,8436,14826,17742,13038,7977,10205,7091,18799,9565,17631,8476,16038,19129,10317,16977,11363,7313,7560,9724,6692,9042,12850,16117,15980,10656,15486,13680,9869,11204,16476,7901,9002,13980,12880,7798,11844,14043,13584,13538,10577,14916,11605,7008,10316,15387,8976,13006,8826,7863,12239,17115,15128,7605,13828,7671,9777,9411,7476,10713,10232,12821,17846,10568,11206,7529,10177,16407,7569,9389,13864,10586,6738,9726,13853,15015,11260,14634,14572,12984,14891,14196,18163,16511,9147,13823,15165,14781,9894,9253,7411,7107,9962,7956,16585,6854,10865,10094,8340,13500,16517,8942,8624,13209,7442,14756,12160,7757,18259,6745,17355,9531,10939,11026,16036,9194,12372,17675,16605,9633,9681,11770,14170,12934,16831,15926,15854,14661,10374,8490,14267,16881,16047,12972,9530,8396,17764,13730,18742,9471,19228,16978,12061,14303,10381,15894,14073,10435,7971,17367,10956,15916,15758,8311,8956,8268,16259,14893,10118,10201,12281,11398,11027,18717,9092,16549,12151,16229,8543,7404,11372,10054,16000,12406,17961,6799,6504,14039,6533,6969,17318,18902,12268,17851,10406,7871,12737,18453,8688,8671,8188,17016,14498,9677,8485,13904,18810,8468,11682,12766,17164,15333,14616,8914,10213,15739,6678,17288,6982,18477,14243,12303,13805,8062,14516,10517,15287,8772,11500,7159,13602,15422,12472,10037,17528,14775,17579,15788,12852,7763,8911,14585,13318,11778,8727,15232,12858,12548,11519,7156,16748,11693,15840,7961,17614,8099,19074,7351,11484,18834,8343,16014,7669,11818,10305,8728,7436,6875,15365,17839,18043,14786,7144,11383,17236,10562,12915,17603,15932,9081,6663,17820,16266,9828,15596,14356,16708,11328,15159,12901,9770,9580,11173,9483,12379,9326,16957,17032,18194,16893,15584,15278,14384,16221,16497,17044,7817,18273,12986,14106,9192,18001,10539,15612,10506,11822,6872,12200,7151,7346,15843,11079,16228,18826,17008,10354,15988,6811,19238,13713,10557,17299,7733,15161,17205,10126,11771,7299,10835,16260,13167,6919,11438,6907,7178,9132,6932,13962,10987,16783,12247,11539,9129,17924,16622,13056,10307,14523,7994,14403,18706,12516,7493,13901,9451,18246,16262,8240,12664,17369,16896,16747,8776,14643,11999,10669,11439,15955,7012,7372,16729,14214,17255,7991,14290,17163,17212,6942,12031,11521,7085,9807,18751,10645,17206,13650,10262,10254,13266,15938,6740,10093,8944,12492,12002,8780,15424,7420,12066,17658,10320,18183,17729,12273,14820,10141,14681,16601,12404,16754,10098,12694,13908,14542,14339,18449,11784,10534,9198,8866,14721,8817,9369,16284,10773,6996,8614,15281,17745,18066,15074,11950,13616,17222,14379,12761,8380,12854,7630,16581,17667,12573,18393,16034,6918,15764,10927,11352,8275,18807,15240,15998,12618,8039,10111,9137,16230,13871,8321,15871,8744,18803,18227,10616,10730,12749,10893,10337,14325,11111,15089,12047,7864,17124,16611,16250,13589,11803,7409,7514,10275,11480,17830,8758,13488,11753,10771,18931,8388,12602,11388,8419,13657,11760,11142,15440,14521,9651,8715,9097,14465,8475,7375,9247,17588,11754,14211,8079,11943,13081,7916,7686,18422,9177,6985,13714,15557,11342,13956,11740,16382,10578,15753,8322,7680,11499,12953,15012,7976,18049,9148,7625,10192,11941,16302,9898,9055,9037,9375,13218,11281,15220,17598,10953,16107,7550,9912,13728,15945,15484,13618,10643,7830,9765,10986,12058,10601,15099,15349,8081,7402,15110,14901,11792,10370,6604,11914,10467,14102,15340,18619,11360,9190,16608,12045,13260,6641,7106,17393,15085,18498,12330,8068,10398,6829,16123,11522,15874,16005,13334,18729,16431,7504,14235,8341,10379,6742,12891,13131,15771,6746,12185,10408,7233,8873,7929,9114,7278,14923,13948,16886,13731,13978,18914,12679,16885,15044,14315,15132,10512,13016,15296,16336,14795,12077,6772,15693,7767,15532,15225,10991,17571,9014,8556,12779,17669,13522,12718,11920,11056,10880,13217,8783,16348,12413,7906,6493,14674,14686,10884,15361,18306,16836,9635,13176,9231,16788,9850,10103,7654,11330,13603,12290,11197,16642,11530,16416,12093,7481,18904,8890,17485,15385,9410,12107,9956,9873,10697,10459,9811,13495,16810,16033,9087,11777,6640,6634,7936,14549,9472,14776,10030,15984,7121,16826,10363,6775,10117,12091,10382,13836,16565,8175,10715,12369,12172,8454,11888,16759,17648,18190,14204,12786,15924,10311,18905,17952,11202,9755,7447,8463,10282,14757,13943,11103,19068,11096,9124,15307,17247,13009,11213,15206,14784,9130,9728,13320,18074,15145,15770,15224,15401,10908,7244,14751,8367,13058,13936,10407,15508,14010,9406,14833,10718,6679,9767,12427,14713,19094,15237,16791,9718,7907,8252,18385,11537,10071,13080,16113,7623,13712,10283,12820,15775,10833,7157,16707,15408,10000,14555,9462,7432,14387,10983,6622,6669,16350,7539,17642,14766,12640,17606,10912,10519,6822,11265,9730,8070,17296,11809,7667,8310,9797,15687,15857,12831,9269,8888,17239,12236,8916,9754,8876,14118,19009,18741,12682,14633,11974,9264,9023,11144,15495,12127,12888,15185,13924,13482,10687,6708,11765,9587,8088,15084,7046,9857,9831,11878,8101,9955,16067,17196,18098,9854,17279,11977,12256,13333,9893,15404,9286,6896,16766,15371,12883,7325,12562,8084,16733,16832,16700,15210,12876,13350,7779,18935,9083,13046,12034,8919,16364,9403,11373,11775,17536,7428,11676,10878,15355,12510,8869,11434,12919,8385,8094,13494,7641,14793,14609,10271,14145,11893,10979,16975,8762,12408,13614,15256,7479,6998,7358,15030,10318,13812,11568,7637,16306,14570,11279,11050,15389,17071,17525,14588,10665,15852,12777,7933,8030,17888,18814,14293,7070,10708,7852,15915,16804,16418,6546,11876,18746,8332,16801,15725,9996,18205,9696,14397,8066,7470,13008,13827,8804,10864,16147,18081,16595,10276,6677,16969,12716,18551,15455,9501,9033,8342,18073,17434,14219,6629,10277,13133,10443,15502,16332,16649,12026,16736,7146,12750,14291,12674,17843,13120,9795,11887,10248,13745,17892,10490,11437,10537,14216,15322,8998,16277,7018,6602,13988,11356,9717,7848,16689,9361,16966,10460,18399,13221,8433,13762,17835,15505,15971,8045,12488,11490,7527,8610,12040,10119,15261,12321,11018,17715,9152,18013,17249,9976,14017,12140,11884,11109,17541,12213,10732,7045,10840,14723,6512,10838,12549,13114,12382,14154,17191,7118,6655,16273,11001,12744,6955,16965,10147,17039,9511,16231,18140,7927,8685,7114,16129,9282,8670,15174,17619,10823,10785,18479,11939,14853,9631,8638,6973,10945,17417,14906,7416,15020,18012,9339,8442,6863,15238,12365,16089,9017,16803,9245,10018,7064,9227,13769,7855,14707,6589,10984,16020,17890,8376,11623,9028,6912,7044,13819,15892,12399,10508,16556,14453,19158,12950,9349,6927,6503,6795,15959,12341,12378,8232,8456,15610,11793,8222,11112,8251,7600,12471,7098,7201,12550,14809,9950,7417,16188,9322,15180,17370,8272,9747,7207,8982,17987,10637,13735,18737,8722,9412,16026,12937,11639,11899,15113,11107,15953,17307,10341,9736,10396,16917,8371,16224,17681,15789,16048,11280,9826,18036,18536,10806,14605,8360,15625,17702,14460,15170,16753,7836,15876,12710,10503,14165,14963,10538,11002,17593,15465,7748,15527,7650,12005,17777,17450,9558,10526,9669,12515,14458,8787,17927,16235,12973,17552,10034,7604,15902,12162,11631,9667,8338,7531,10673,13744,12595,10863,6765,6884,12366,8831,14389,6529,14019,12042,10504,13834,16139,12111,14371,12377,13557,15140,14152,19037,6668,11167,16272,11414,12050,15175,14715,11642,12844,6660,7846,15331,12056,10775,9178,15467,8111,8471,11694,15356,18538,14441,13248,12403,6916,7564,15569,9067,13357,13945,8145,18999,11368,11576,7815,11638,7396,11351,10626,12736,15402,11166,16110,8533,12495,13153,12671,12646,11820,12600,9222,14840,12506,18497,12329,14790,11968,18031,9480,17850,14965,13204,16551,11130,15952,16904,7702,16098,17686,11692,7784,11131,8738,18518,17815,10090,11949,16698,13581,13476,9572,15290,12184,8167,7519,16004,8387,18486,13034,9840,10133,11097,10825,6757,6755,15828,13126,8934,6995,12837,8017,18085,10716,6833,8634,9520,18491,10731,10798,7065,8599,8160,17882,9834,11420,11615,14691,14155,8978,17256,12832,13965,10112,13795,12470,11283,15282,11402,18215,8506,12787,9058,10925,10982,17082,16392,19120,7598,13023,15262,8358,14128,14239,6723,12989,14981,12658,17081,6587,17873,10273,19154,7297,16625,11894,11008,14956,11518,13198,7524,6710,9733,10155,16488,10410,11542,9693,17237,12361,10263,11790,17438,9670,9665,17409,7423,8645,13679,11838,7465,15445,13349,11764,13768,8640,6736,11322,13525,14538,15111,9589,16028,17753,8845,14552,7441,9195,17765,15354,14422,12867,15920,9100,14583,12565,7290,10702,14783,12657,13999,14105,10563,14921,11247,14056,15504,12732,7893,15885,13149,7357,11378,8910,7747,7951,7616,8121,7794,16116,12965,14067,9071,6793,12582,12769,11613,16624,11903,10532,19112,14193,14360,7773,16584,12390,7768,7722,7796,12983,18284,17615,6535,18198,9255,7336,14203,9916,13914,10250,15090,17363,17889,16786,13664,16281,18216,9268,10484,8786,9167,12183,10632,12150,7612,11054,12698,17884,6925,17320,12253,7225,9961,16710,13832,16720,14670,13916,12639,7306,18821,9191,14952,14171,10191,17640,15519,12484,7807,16741,8104,9239,18726,9220,6724,13751,8518,13960,15785,6617,13062,12187,11502,15117,8967,9702,13027,9399,16582,12630,14632,10004,10497,9886,9168,14640,7017,14524,8316,8153,17379,12706,19195,15115,12368,15079,19077,11058,17460,13070,14296,17290,18024,17633,17985,17207,15477,11061,14031,18416,18006,10851,8760,15592,16410,10820,11644,10876,7834,13313,19044,15313,11617,9561,14326,9145,7126,9582,13659,9508,18412,16519,16361,10403,14865,6624,10693,7213,11984,9672,12496,10679,8819,12395,11584,8013,14071,12049,11618,10769,11648,15795,8777,12784,11570,11910,14394,7103,14654,10095,6661,8612,9846,7480,7073,14495,12301,11817,12913,17040,6943,12446,17540,12051,7645,10143,11108,11720,12904,14562,15572,8502,11019,14425,11703,9317,8076,8260,11743,8394,8169,15078,16923,10151,7960,13284,13227,15188,17782,10599,10869,7338,9242,11217,9601,7140,9958,15327,13253,15247,11170,11087,8625,16797,9146,10968,11263,12063,8280,7398,9865,12216,9364,8412,11370,14008,9620,11836,8460,18350,14075,9783,11076,7461,11716,15347,17674,7015,11932,11250,8478,10266,8143,10862,10915,9063,15274,10011,6592,10326,17232,10582,11011,13861,8723,16613,7707,17778,10175,7553,8178,13063,16798,9169,15363,11697,12114,11979,7026,9068,10866,18484,9787,10247,11601,9760,12519,8347,16291,11090,17561,7198,13293,15528,15294,10324,9342,8572,11231,13757,7689,6691,17803,13982,15740,11507,6594,17336,8182,17538,9080,12431,14914,11827,7347,9001,11427,16737,10906,14178,15803,17412,14928,13740,16357,6605,14281,10593,12721,12588,18755,6880,7962,6510,10189,14987,13311,9843,12032,16447,11083,17259,13563,15339,9394,11216,17933,17473,10883,8303,8438,7558,14288,9751,9743,15899,16474,13851,15338,13803,7050,6521,13336,8400,10245,14990,7485,14210,15757,7685,13258,7533,7867,12992,12121,17948,12793,15751,11566,13509,10918,14133,7590,10888,6494,15376,16578,13582,6642,10084,14393,9458,7181,8818,13242,12873,7048,11391,7053,19157,10173,17165,9442,19073,18747,15762,7518,12401,6709,9432,11199,10784,9086,15597,14395,13047,12645,15276,15008,7239,8904,9897,15226,7362,17177,15493,8326,18790,12634,9707,7076,11463,15936,10794,11367,15233,13753,14861,13018,16552,10969,13048,12275,9102,9504,14104,8937,10185,12387,6643,8992,6653,10078,8950,10541,17609,12351,9461,12457,15780,9666,10845,16592,7588,14677,18544,11118,6948,12188,9435,11452,9232,13643,18552,18179,17621,14442,7585,17283,16292,7646,14903,12536,8494,10633,14173,9425,11881,15337,6850,17992,16992,16424,13015,10899,14076,10092,10246,9978,8947,7966,17326,18096,8014,17478,12028,9711,7081,13026,13941,7449,8301,15126,11540,16383,16687,15812,6881,9228,11034,10065,18596,18499,17849,10387,7112,14712,9716,8641,14057,9154,12189,17567,13128,7204,18192,14492,13808,11375,18488,13994,14141,8020,12437,9571,7410,8672,12699,8430,17558,17670,7463,14586,11779,9630,7801,13846,7808,16590,13516,12136,8767,12235,14354,7429,13078,14582,7738,12229,16097,15083,14298,16043,13035,12738,17168,9668,9815,9981,8858,10861,9649,17333,9676,7365,7503,13842,6964,14557,15933,9012,14195,7915,14013,7419,8848,9664,17399,15367,15815,13177,14699,10509,7215,7873,17036,7032,9769,12933,9607,9698,13915,12998,14246,9756,11163,6601,12907,16805,16440,12169,9205,8935,11126,11738,17058,8185,17295,10743,10013,7101,13361,8570,12545,9006,8393,7332,10828,17469,9599,7468,17448,6747,9954,10542,17508,16561,9816,17078,7394,7681,8855,11235,15956,11957,14400,7578,14623,12586,12774,13111,9979,10515,15023,14402,18120,15437,17570,14764,6791,8155,15605,15407,15104,8058,16814,10700,13186,12046,18026,16604,6608,16352,16843,9914,14889,13327,16094,12797,8743,7708,13565,9519,17548,13814,12830,17224,14189,12134,7262,10123,6774,11195,15602,8187,14749,6928,15453,8923,9493,12589,18442,9605,13280,16088,12466,9844,12023,7268,12778,7363,14332,9906,17751,14358,10530,17616,16044,7712,12712,16850,11705,14887,12333,7183,17542,10818,9155,7674,13312,13631,9526,11678,13232,16862,9387,18624,17749,17991,12362,10961,6570,15214,9187,7340,8390,17130,8407,13170,18444,16684,14467,9374,12816,7985,7803,17728,10160,10752,10608,9362,6853,10971,14390,11382,11686,14937,9804,14675,11277,8643,13939,8173,18381,8098,10944,9660,16933,7057,16170,9340,11264,17553,17317,9975,15218,9763,12117,9344,7096,10676,19367,8598,16752,12655,7241,9365,9249,19202,11469,11585,7304,17557,10136,14737,10428,10395,8667,14253,14635,16612,10461,9855,14432,13022,14960,12790,16900,6882,8455,16629,12442,7359,8484,10261,10197,15784,9645,11606,17986,7670,15234,11681,8312,6528,10735,13972,13499,12159,16953,14305,10380,10198,18932,15500,11224,15975,7677,8255,17030,14972,7761,15492,16929,6562,15925,10088,8452,9563,6873,15197,6935,14950,17837,8706,6785,17543,11227,12360,11082,7475,19113,15967,14030,9644,8065,13486,13230,11501,13309,16270,11619,15827,15615,13781,15846,18500,7451,14072,17189,12708,11476,11318,7292,8135,14179,14047,14539,13876,13294,6816,7992,6704,17923,18493,13718,17855,11171,7316,14135,14515,10739,8933,8654,15039,11674,11489,7508,15645,18109,18230,15570,13979,17277,11063,10278,9018,14618,12686,7257,8056,17235,13546,10575,10444,7584,11455,8822,17984,6583,13003,17807,10778,11488,14744,8162,9933,18244,11210,17066,16327,14058,14469,16341,14998,11172,14493,12514,12157,9675,10458,17316,11067,11261,9547,6901,10487,10345,13325,13124,9108,12176,15374,17628,12304,14268,15245,15511,13039,17099,15649,15257,9044,16614,16685,17600,14459,10936,18553,6495,10310,9878,7326,9237,11376,11799,8995,6953,11136,12465,8375,14765,14862,7353,15941,18604,13556,11395,10653,7129,11333,14337,18934,16599,7369,12500,9997,14946,7546,18022,7446,16962,13222,10349,8972,18522,7849,7705,9937,11889,18877,8763,8228,10362,17891,18750,16562,6876,12017,10227,8511,18836,14401,7348,15714,17828,9444,9257,16053,17117,15726,12884,10116,11534,14625,13635,6946,17950,12436,10099,7827,8829,17175,15860,14714,8752,10937,15759,7597,9581,15207,15841,16509,16391,15507,11418,7023,6835,13316,9265,7111,8892,17250,14444,11966,10596,13849,17096,16853,17049,14882,14350,17251,7137,14468,6877,10591,10988,8304,8123,6696,15661,18061,11579,6613,18801,13252,17323,15268,15942,14600,12092,12487,13992,17466,13116,9430,10938,17014,6555,15851,9368,10462,6992,7003,14813,11355,10995,8334,13889,14277,15381,14142,9267,8691,12243,14157,16772,8389,9776,17915,9791,12770,12704,11710,16232,16313,12518,11728,17475,17885,7135,12715,15072,13796,10010,15981,10576,11726,14191,13514,17752,9379,17376,11086,12128,7516,11179,9219,8142,10199,18148,16008,7621,17554,8784,14803,15877,11350,10770,13783,15199,6892,16486,8732,16070,18112,6581,13321,12544,9203,15816,15698,6902,14892,11636,14274,7975,7762,14275,16922,9402,15123,18290,13604,9847,15494,13957,16647,17464,8961,14447,8238,14023,17079,18964,17411,15013,9424,18804,16526,15438,10368,10948,9066,12810,8958,13670,9969,13306,18420,10905,15184,13790,11080,14930,7205,13040,15608,10186,14449,10229,13809,8246,7155,8314,18316,6716,8108,14543,8266,14637,7415,12855,9496,9625,15769,8729,8074,14464,8055,7899,12234,13949,12995,8769,7374,12029,11925,9946,7238,9272,6686,17502,15412,12656,17644,15086,9308,15222,9750,9212,12560,9874,8102,15400,8027,9864,17346,8107,14935,12410,8523,12719,18005,12757,10378,9995,16854,14162,12392,15589,17427,12798,11362,13233,9049,9758,13701,6807,9923,18347,13166,16253,18410,7576,7937,16376,12068,11025,9487,9944,15366,8606,11892,13025,17319,10149,13151,6851,11732,17886,12199,14849,13137,9930,12812,18016,8035,17693,7431,18540,12182,18405,9936,12309,13307,12932,7693,9543,7856,14190,15734,15065,16583,6497,9208,12834,15526,16534,15134,10373,12072,12952,8525,11723,17246,17238,10587,15414,18760,15038,16972,7145,13216,16726,15179,17226,10696,7874,13595,10762,10614,7770,6615,15426,6893,19063,9103,13688,13139,9977,16289,6837,10662,8562,9722,8898,11645,10511,7813,17354,17065,8874,18485,17783,9555,10453,9577,10738,13627,12412,12208,7255,7013,9928,10524,15820,9800,9600,7946,13301,12461,11449,6633,8632,7472,8788,12949,16918,14483,13234,17351,18775,15974,7865,9952,15700,6506,7509,9819,8959,14489,14622,6567,12108,11707,10502,13147,16971,12926,12743,7897,15377,16946,17998,14310,14832,8646,10166,7766,11907,12813,17880,15297,8457,8673,15236,11630,16310,16326,12696,13704,18855,12143,15554,13286,11963,16838,6939,11575,7100,11416,7631,14668,17414,10456,16146,17272,11626,9466,7059,15858,12225,18262,15896,10063,12177,12337,7969,6771,12167,8600,16024,9654,8391,7986,16572,16739,6971,10049,14955,16973,15392,6737,10072,7515,10934,13291,13630,8699,8536,9919,11357,14331,14985,13050,8823,11426,14410,12758,15986,10280,7408,8355,13208,17001,18252,8889,9553,18261,15425,15133,6878,11187,18777,9500,17871,19052,15868,11993,9441,7152,10420,10990,7837,17518,8003,7579,13496,10033,7909,12274,9506,13610,7427,7835,7501,10959,9903,14954,16061,16756,11815,17699,15697,15872,7663,15814,11192,12266,10394,8287,17826,13322,8863,10981,19071,14874,14701,10492,7176,12964,12211,7134,16121,13662,13069,12922,15635,10044,6731,18371,16258,14233,13391,12083,17208,16286,6658,16827,11458,13155,10549,12760,11059,16135,18382,14520,17298,11510,9446,12467,11755,15285,7136,8519,8708,15648,16543,12567,11802,9881,8493,8499,16541,17717,10438,18023,12631,8002,18778,12109,14036,9207,18166,11573,6551,11880,18733,11454,15774,6810,16175,14614,8733,19142,6508,8812,15241,10416,8589,13839,8554,7455,15364,7845,15155,10946,6711,6513,6841,18625,11736,11602,6840,14187,12052,10172,17214,7406,11538,9315,8968,7608,9370,8285,11995,13997,7701,13705,12261,11657,7440,16744,8846,6544,10952,18763,11900,8046,11828,18292,9573,9537,16060,15957,9418,8131,17831,15654,11122,7935,15624,10957,16589,11763,10976,9135,13117,10660,13801,10902,11115,11248,10483,6662,10313,9629,10900,18797,11487,17854,12178,6638,13194,11016,14452,8411,17325,12245,7011,18348,12489,7212,11212,7453,10612,14782,6897,16002,9348,13037,15368,18735,10808,11769,14690,8226,9143,7983,7511,12012,9749,13754,18767,18739,17145,7421,13821,9838,8115,10994,9546,14409,11460,13887,17468,14859,8516,18388,16828,18901,16916,9248,9606,14540,15934,14088,17789,16122,17792,16058,8181,11467,13527,14692,9443,12452,11735,9107,15092,8854,16569,18692,10393,10598,14867,14314,10951,7943,12298,13064,9035,13578,9336,13269,9973,10822,8116,12015,8707,9076,6722,10210,11324,14653,7575,17515,10772,12748,9512,7330,18310,12206,10868,8779,12439,7930,11590,14883,14879,15826,16189,17666,9210,13607,15476,13265,15461,16789,15901,15076,12886,15321,10892,10270,14439,11494,11140,13817,9390,7854,16537,14328,8647,8558,14428,6728,16276,16536,15251,14015,17827,12226,10585,13990,7049,6767,13289,8907,8928,10996,9534,14370,14531,14948,18788,12344,10580,12374,14624,14719,15964,8146,17228,7541,17441,8712,15931,17454,8537,6675,13276,13100,14074,17364,17343,11824,14575,12839,14060,9327,12726,11498,18398,16427,17146,7760,16793,10684,7228,12479,9285,15939,12451,15553,10896,8674,6628,14424,8908,7303,8925,7019,7001,9851,9849,8459,18874,6819,8491,15914,12259,6707,9516,7664,7399,12878,6666,18267,14248,15522,18067,15019,12192,14513,12393,6748,13594,9538,10417,15696,7655,15867,15211,9502,15976,10782,13127,12106,8837,7391,8754,12962,9024,12098,17157,12323,10076,18911,12277,9262,12530,12897,15183,12653,8324,12633,13624,13555,12765,17840,10145,15298,18883,9998,6941,17386,9243,6961,11394,19143,15951,12723,8577,16118,11475,7153,7811,11369,9911,10061,11635,10108,13267,12233,9416,15498,15497,17550,8592,13837,16790,8319,15962,14077,11744,6988,12725,15227,9043,12611,11756,8774,8591,18531,8122,18793,14541,16400,15462,17297,15173,9983,9647,15523,14532,14959,16363,7860,9164,15288,15937,9830,8789,12553,7175,17727,13863,14436,11471,18255,8247,12789,10694,10559,13304,12450,10429,9792,18852,15419,6753,8113,10768,11044,15229,8221,12900,10603,7709,18282,17322,12241,14573,13883,7599,8220,8495,16571,16134,12569,7838,13671,9371,11341,11147,6820,12824,9550,7676,7949,11392,17959,14545,8575,11823,18238,10007,10518,7243,17257,8201,9899,8083,7559,14065,11006,17562,17793,17847,14694,13983,9627,14988,12260,13617,6809,18744,14836,12071,10132,12667,14053,8031,10047,6565,14768,9852,15609,17818,12946,16027,12480,9823,17813,10964,8477,14097,12874,12141,13547,9331,10430,14587,12174,11592,10332,6930,14679,11168,13974,9019,14599,14831,12076,12257,10796,9090,12359,11176,18373,17248,8012,14547,9059,11532,8503,8061,7020,14657,9380,15566,7729,15732,17806,11400,11070,8339,8330,12194,17495,6689,10720,7549,7122,18279,10039,11625,9539,14258,11554,8223,16573,9548,7534,10089,11429,18257,12265,6999,17027,8423,15568,7740,10178,12173,7776,9275,9793,7267,9709,11806,11711,15431,14814,6926,7343,10546,7284,11377,12601,8686,8649,7926,17021,18516,8775,7652,9766,11946,17313,11587,13729,13774,18351,11178,8206,8757,8405,8089,11826,10724,11713,14032,8836,13283,18308,8037,9551,11138,17564,9328,7629,10709,8886,14316,18483,14197,13484,9875,14207,14100,9008,9085,17059,7242,7810,6625,7818,13952,9498,11787,15181,10977,10419,14297,10157,13086,12353,10652,6993,8028,7561,12542,14159,12713,7660,7127,6534,13933,17254,16040,9142,15334,7282,13558,10367,8902,15472,9332,7589,16600,15109,17281,16959,18476,10480,9279,14055,8860,15779,12445,11982,16967,15742,9867,16954,9723,18045,12819,6654,16932,18009,8214,11485,9775,17439,9246,8414,13862,13756,7592,16477,16369,9932,17280,12043,6702,11102,15633,15171,17694,9622,15571,11266,8063,11933,8797,12561,13273,13340,9304,17988,18239,8921,18768,9395,10552,8200,6650,13172,6815,8557,12969,12767,10638,19043,10540,15917,15692,11157,14421,17760,15305,10365,16300,15040,18740,7339,9948,7587,8742,17395,16840,13570,8522,16989,17940,16379,10181,7799,17199,16108,17784,17709,10522,17223,10529,12485,7620,6703,17780,14254,17687,8337,9121,17768,9385,13687,7141,10776,10890,11461,8830,12081,12741,13998,7166,8986,13835,7209,15125,15235,7678,15887,16159,15308,7380,12941,9367,17385,12735,15772,16709,14123,15318,13518,7308,13682,14571,17794,15918,9679,8497,17714,10091,12491,16288,16892,14153,13513,12684,15378,7731,12294,12840,9913,12663,8448,7665,9704,16778,12153,10974,16820,17489,17388,7967,16538,8381,18346,11591,14798,7615,13877,10875,10615,8748,8234,8043,8415,16837,16333,18492,17638,10859,8538,9639,16433,14466,15343,10023,17380,13767,12124,8813,18748,8983,7214,15890,13483,18822,17345,12796,14037,18395,9386,18853,6674,9337,12024,11961,12791,14518,13667,10200,14318,16130,13706,10873,13505,12409,10698,8291,6749,12195,12619,10841,17114,15244,7180,18386,11655,8292,7071,6632,6846,16796,7208,15620,14939,11831,17879,17258,11032,8532,10800,18283,17823,12905,13331,11240,6580,11567,11275,9545,17463,9490,8480,6917,13181,17046,14969,13872,12385,16010,9485,17348,12448,13192,14824,13256,16942,7224,7473,7538,19168,13868,13583,18272,9419,6856,8270,7816,9234,18913,11866,7482,15413,8441,15999,12396,15694,13759,10269,9972,9072,14897,6700,7324,16059,14271,13926,8833,11804,12009,10323,14579,6673,13282,15781,14736,6667,12643,15095,14417,14321,13330,12310,12958,10383,8501,15047,10871,15475,14295,18379,11980,13346,18206,14740,12517,14052,13629,13259,18896,9686,11556,15330,13681,16730,9814,15064,12459,9383,10923,8199,9822,17188,13168,10867,17233,14129,17531,16009,17253,12836,18028,8323,12080,12133,9009,18833,15005,9781,14722,8259,15849,14999,14851,13213,12554,10685,8633,13164,15773,14537,11244,14322,7822,8006,8697,12057,12783,12814,10161,12620,8086,18269,17757,16566,10566,15091,13135,17328,7443,17150,15943,8579,16697,15460,12425,13285,14534,8008,6579,13766,13576,10860,6701,9428,16186,9489,15031,11399,18240,10629,15291,12142,16083,6868,11998,8573,10657,10765,9185,7984,12745,12508,9301,17523,8474,13270,12683,13528,16031,10441,9872,8990,17925,9921,6792,7232,8496,18086,13811,9817,12001,15836,9942,12690,15834,18906,15362,12851,12270,8580,17271,15864,9138,16406,14048,9870,14546,9529,17341,16151,12115,9522,18534,10204,14405,10558,17578,13497,15634,8991,16316,14769,14375,10062,15191,13621,13569,17102,16417,15332,8696,12881,13665,10622,10565,9507,12131,6888,18314,13308,17883,16990,10440,16765,7148,17268,16029,16947,8348,6517,8248,7806,8133,7736,15651,9604,14844,8806,18528,11649,12146,14357,14658,14386,8903,10624,12917,10012,14327,12598,11600,6857,18541,9523,9159,16372,7386,15482,11205,6805,9096,17397,9985,7150,14644,8213,8821,8397,12065,8922,9236,14731,9345,8051,11840,11610,14666,18809,8329,8439,14595,19048,10874,12398,9128,10520,11477,10109,16858,11137,8820,8891,12785,18157,16412,8724,12317,11879,11009,16620,17182,18210,13130,11559,7390,8622,13888,16815,17576,12090,9889,7002,6751,7397,8816,9559,14596,15418,15731,12568,13816,9931,10805,17744,13202,10531,7439,7038,13686,7444,9016,8166,17406,18400,14621,7603,11503,7229,8883,14501,17703,8627,17193,14871,8680,10741,12806,11776,13545,18773,7113,10321,17607,10258,14953,15930,14936,10551,8227,7163,13180,8369,9926,17023,15243,9884,17594,12456,11869,13927,12584,12764,11472,18139,15808,13353,18731,11258,17864,14365,7484,8119,16935,10240,18069,17660,11343,16093,8630,7581,7778,15067,11607,9007,14249,9671,16247,10358,13813,7973,6804,14415,15490,9525,8895,8676,13501,6960,18170,11509,17185,7217,7387,12815,8263,16634,11085,8417,19047,18172,14812,16557,16485,12007,7147,8682,16449,14918,13341,16438,7108,7940,17497,14027,9382,8524,16249,6879,16597,13892,9467,17384,12458,9235,7925,6849,16367,14992,13611,15478,14364,19218,16522,15637,9376,12981,11965,16149,11620,9109,12119,12438,8689,6940,13029,8730,10704,14745,17845,13577,10434,14817,15186,16035,10607,13193,17710,14877,10249,17585,10029,11685,8138,14347,11123,16269,16460,15014,8906,10154,8125,12244,8057,16351,9079,19220,6659,15348,9093,18547,6812,12248,7715,11433,13727,12405,17926,6712,8100,7047,18097,16432,15466,6550,16898,7400,18482,14026,16106,13942,9075,12454,13510,7349,9013,10306,13954,10122,7371,15266,11810,6813,9413,15006,10729,7924,15010,12022,8038,7165,17767,14137,16652,11969,9263,9688,18730,8179,14451,14818,8243,6725,7366,18882,9116,11211,9774,15200,6499,16777,15659,18195,16760,8989,17910,7814,16699,11947,14508,9095,7746,8278,16945,19237,15043,8233,6690,11741,13844,17662,16127,18263,13651,12666,9752,10079,16692,7058,9818,9895,10686,14335,15873,10286,7219,10535,6607,14535,13158,12400,13169,12746,14168,13564,12364,16155,10747,7758,12016,14550,18808,13001,12417,11183,7573,9099,13203,18926,14655,7300,12407,8451,17456,10588,8811,12616,14631,13138,9708,15585,12144,9111,11033,6741,14450,9004,12316,11353,14519,18248,14262,11967,10206,17821,18254,18502,13065,9710,16343,17006,12925,16616,8189,18178,13271,13071,11021,12863,7964,11964,16553,10553,13919,9746,9740,9165,18813,15580,8353,18771,15373,12527,17315,6684,16859,12120,9725,15450,16054,6808,19350,15270,11752,13140,10265,13884,8973,12939,14680,13800,15842,11390,7028,9110,8186,18745,11453,11209,15215,16125,18384,9697,18311,7627,7066,19040,10203,11783,17634,13963,6858,16780,8540,6527,12957,9200,14126,18543,7275,11902,9062,7488,13191,16403,14414,17893,8619,7448,11149,6582,18716,12571,11555,7191,7355,12578,15555,8216,8156,11457,10260,9175,8534,7370,10152,8801,12711,15799,14455,11721,9335,10366,9182,10100,9659,16755,8881,13031,13940,10947,14995,18695,17572,18424,14080,13866,18628,12800,6780,9683,14755,9552,8581,11934,7393,14996,13673,15515,8356,11563,18761,11023,10348,7240,8305,9796,12685,7193,11071,15447,15639,17017,14177,7185,8001,17639,17183,15345,14034,8267,14431,8427,10375,7478,7851,14443,10450,17201,17862,12842,6848,6832,18213,17707,7896,16483,18415,16651,14934,7700,14842,16297,18894,13085,7368,14964,10781,12251,10433,15479,18878,14788,14522,11226,9990,9060,8118,13810,14292,13004,17474,11228,13479,18851,12817,6827,12455,11742,16779,11841,9584,7583,12230,8060,18286,14763,8585,13099,9953,15730,13824,9779,9836,12280,11867,12795,14462,15991,6806,13036,16717,12563,12627,8262,8637,17366,12473,11952,8176,13638,17539,8183,7998,7072,17857,15544,8492,11230,17304,15011,12608,8623,12494,15405,11525,7619,18224,11835,14163,11323,17748,9176,8382,13709,11688,7418,12292,12835,10335,7295,13053,11129,10073,13599,8515,13315,9278,17424,8364,6910,13061,10328,8072,8152,10543,10081,13272,15741,6786,11513,8794,8137,11926,11153,18440,6855,11007,17194,7795,12629,10432,11464,9887,15756,7858,16686,18752,7500,13831,15481,9133,17931,8975,7753,7285,11241,14083,12533,6929,9450,13608,9505,7042,13251,7074,12960,11186,13019,8656,15116,19123,7764,17723,16880,10002,14245,15087,14176,17906,16802,10259,11719,7782,7954,8932,8184,14283,15448,17560,16913,14372,10667,7876,16057,13668,12890,14866,9022,8642,8563,14334,12751,7974,9653,14093,14792,6556,14407,7913,7143,7425,8842,7774,10048,6975,9938,15143,15517,7839,7502,7388,13981,8719,10754,13909,10124,10350,11037,13561,7609,8912,9595,16915,8109,15574,13772,13504,12354,15994,10096,14748,13764,7067,11922,15763,7206,17303,13184,17853,7780,11574,7125,17838,9541,6987,13161,10924,9984,15230,10642,8106,10507,6688,7642,12345,14279,13628,10134,10413,9353,18699,6834,11117,10397,14045,12486,18100,11493,9202,14642,16703,15813,7833,8082,17064,12927,17108,17869,15950,7009,12866,18072,16852,10764,17549,10107,8564,13503,15564,14336,15782,10139,8212,7495,16148,14103,9934,11924,9445,17698,15250,12231,13746,12780,10872,10554,14510,10830,12963,18532,14693,8529,8605,8751,10285,11267,8328,9902,18302,9478,9181,15129,15866,8025,14548,18409,7662,14925,8218,16398,12033,12956,10885,12371,13975,8333,14302,12447,12846,7878,16856,10144,15131,6652,14551,8120,13761,12872,16535,13511,14885,6762,17028,15695,7521,7041,15386,12976,11406,9106,7227,14201,13742,10221,11582,11506,8868,18207,8198,17566,10745,7004,6865,13950,17995,10856,10228,6505,17162,9161,7271,12499,8090,9773,15567,8665,9794,12397,7857,12999,9440,16712,14473,7812,10500,16423,9935,10941,14986,12752,13201,9045,15311,11988,11319,9206,18392,10267,14720,10472,9447,7566,9005,8966,17580,9274,17946,13519,6664,12535,8500,6553,9785,11317,16225,9839,12067,14463,17762,17050,16362,11691,10001,7944,14750,14042,9871,18489,10138,6936,7719,16158,13219,7164,10074,8595,13157,10364,9476,7704,17914,9882,8069,11084,7912,15859,9258,15351,18626,8140,12522,6980,18270,12348,12988,12498,8852,7908,7850,7305,9475,9193,10560,14993,18942,13605,11385,13726,9532,10296,16559,11035,7203,9616,14794,16533,13882,7000,11381,17810,9782,12343,8799,18413,7056,17612,7742,9241,17865,13487,13174,12238,14610,6621,10989,15342,6776,16515,7596,7344,16484,14656,11252,8091,11704,10824,15586,18787,11105,17881,13818,14236,13885,10527,7385,8953,9427,15638,14004,13845,9256,17047,7291,6651,8896,10848,10714,7510,7988,14457,16101,17635,10304,13498,8224,10525,7565,7513,11393,9415,12087,11773,17858,12642,15616,13977,8687,9113,17053,14938,17901,8469,13533,17568,9771,18789,7639,15275,12138,10763,9974,16952,7859,10097,18816,18666,11165,11871,17033,14613,8168,17661,14922,15048,9943,14629,13656,12875,12357,17916,6756,13758,7235,11273,13597,16324,14264,11684,13907,15606,11647,8678,10455,19080,13921,13229,15154,12755,17166,17301,13279,14369,18930,11541,16378,13601,9982,9388,16023,16294,7130,18728,7580,10279,6802,13918,11106,10298,12347,10574,7868,15618,11955,10183,7724,15259,13694,14355,16166,13162,9646,7314,15463,17428,6578,16807,10150,10057,9741,15204,12596,6842,7554,10386,12464,6911,15636,12538,17160,10567,14641,16833,7218,10188,11077,13145,12381,13765,9866,7328,16794,14437,15650,6908,11928,15831,11578,15097,8208,17310,7356,11229,14150,7197,13098,10659,11470,8368,7745,15280,6568,15430,9518,15309,17435,18019,16190,15177,16182,9179,7982,16120,14778,10930,12729,18187,12254,12580,12161,7030,11203,7274,16544,7405,10850,11191,16928,17565,7237,6687,14799,14669,9448,10477,11278,11913,13187,13789,16639,17708,18212,7918,16415,12139,10347,17339,9567,14685,16064,12525,14689,14324,9868,17337,13873,12137,6972,8567,7169,12974,17887,12328,11641,15093,11062,9311,13911,14611,12391,14591,15607,15506,15809,16835,11983,17252,18965,17997,9900,6782,10448,11344,7979,10309,8171,10339,15824,13760,6720,10165,13966,11045,17408,8513,13083,8276,13684,9309,9556,17582,14684,10766,9613,14066,14729,16799,7171,12163,12086,18765,14284,11589,8945,13521,7861,14479,12947,6726,12893,10184,15787,18800,12841,14033,8844,16723,17781,6606,16925,7263,9401,12415,8657,16049,14359,12411,9119,13931,7361,10176,6614,7614,9640,14041,12085,11412,7706,10027,9162,9971,12209,12882,8792,13600,16635,6903,17147,16643,9691,7382,15929,11614,10651,15963,11486,7537,15882,7718,16001,14933,7952,16298,11340,8931,14698,16735,10255,14907,11354,15485,8398,14472,12689,9338,17532,9010,16732,17957,9381
11850,11854,11860,11856,11848,11845,11544,6566,11852,11863,11089,11864,11847,11853,8552,8551,10792,8553,10793,11849,11858,11861,11859,11851,11846,8550,16650,11855,11545,7320,8549,12336,11857,9160,11862
18218,18219,6861,6862
16847,14486,16848,14485,16849,14484,6922,14487,14488,6923
7246,7247,7245
12753,8482
8948,8949
9292,9291,9293,9290,16505,9289
11748,11751,11747,11749,11750
18362,18363,18361,18359,18360,11814
12325,12326
12331,12332
13261,13262
13542,13543,13541
15452,13544
18915,14569,13894
14231,14232,14230,14229
14664,14665
14856,14855
14858,14857
15050,15060,15052,15054,15051,15055,15058,15059,15057,15053,15056
15108,15106,15107
15148,15150,15151,15149
15665,15664
15682,15681
15755,15754
16457,16455
16504,16499,16502,16501,16503,16500
16818,16817,16819
17092,17086
17677,17678
19306,17877
18145,18146
18556,18557
18608,18614,18610,18612,18609
19106,19105
19240,19241,19246,19242,19244,19243,19245
