19427,16784,16245,16244,16242,16241,16240,16239,16243,14667,16238,16237,6577,6576,6575,6574,6573,6572,6571,6487,16246
6524
7248
6803,6557,6558
10744
11300
13121
13843
11805
13989
9283
15061
18844
15891
16872
17746
18280
16690
18276
13875
16196
15510
15990
19159
17741
16396
14311
17398
12700
17197
18505
12416
17737
16140
16085
19212
18837
17994
18199
17159
17494
10978
13895
10041
6685
6844
19291,18726,17380,8787,16496,16495,16494,16493,16492,16491,16490,16489,18356,14495,18068,11043,11042,11041,11040,11038,11039,10621,12712,19285,18720,11024,8513,15429,12147,17178,11001,11191,14080,15862,15861,18384,12395,11998,11997,17108,16911,16910,16909,17775,17774,17773,17664,17064,17114,16978,15081,10806,15919,15911,15910,15909,15908,15188,13759,13758,10191,14945,17661,13783,16154,12647,14568,14567,14566,14565,14564,14563,13925,11874,11875,10639,16433,19152,19151,11090,10781,18179,18178,10837,10836,10835,10834,10833,10832,10831,10830,10829,10828,18699,13546,14975,14972,14973,11199,17952,17951,11142,11317,17993,17992,17991,17990,17989,17988,11282,15153,15152,16643,16344,16343,11624,11623,8848,15651,16071,16070,16069,15949,16475,16474,14256,14482,18198,16731,16730,15406,18316,18315,18314,18313,18312,18311,18310,18309,18308,18307,18306,18305,18304,18303,18302,18292,18291,18290,18289,18288,18287,18286,18285,18284,18283,18282,17740,13635,13634,13633,16884,18339,18301,18300,18299,18616,18238,18237,13771,16647,16301,17445,18802,13103,14650,16744,15997,12350,18231,15437,16788,14079,15034,17428,19197,14118,18872,18871,12748,12674,12673,19184,12406,14850,18239,12744,16684,13078,15873,13099,13177,13176,15355,15354,15353,13203,13155,13046,13142,13344,16801,16803,16802,16588,17143,14493,14492,14491,14489,14477,16789,16787,19289,18777,13361,18442,13547,15854,13867,13866,18467,13291,13301,17714,17715,13726,16394,14077,15085,13616,17744,16386,18019,14312,13739,13738,13736,16889,13892,16590,15976,15175,18966,17938,17937,17936,17935,17934,19113,19112,17381,15539,14662,14661,14668,16109,16115,15396,16174,16173,17768,17767,17766,17765,17764,17763,17762,16898,14303,14214,18444,18443,18440,18436,17927,17926,17925,17924,17923,17922,16904,16180,18479,19154,16133,16317,16687,17372,17371,17369,14560,14557,18164,18139,15853,17023,17703,14860,14839,15255,15972,14838,17940,15761,18429,18428,16522,16843,15515,18590,18452,16498,15247,16342,16341,18691,15261,17719,17054,17876,17875,17874,16297,18066,18402,17068,16723,18143,18874,18819,17929,16370,17931,18278,18695,18216,16997,17698,17660,15881,18343,18074,18073,18022,16782,16781,16780,16779,16778,16777,16775,16776,19350,17028,17027,17961,18451,19367,19366,17659,17648,19238,19237,18717,18716,18486,18485,18484,18482,18483,14598,14597,14596,14450,14449,14448,14447,14445,14444,14446,18833,18830,18832,18504,18502,18501,18500,18503,18623,17121,17099,16131,16130,16129,16409,16408,16407,16406,16405,16404,16403,16402,17117,17116,19007,19006,17645,17644,16323,18797,18796,18795,18223,18222,18481,18805,18804,18803,17047,16874,16875,16862,16861,19066,19052,19097,19096,18693,19095,16478,16477,16497,15655,15654,15618,15617,15616,15615,15614,15613,15612,15611,15606,16741,18827,18826,16195,16460,16449,16448,16437,16461,18825,18824,18823,18822,18821,15768,19228,19158,19157,19202,16892,16810,19015,16930,17515,17513,19179,19168,16108,17524,18600,18072,18070,18071,16381,18809,17647,16917,18848,18083,17060,17355,18021,16815,16813,16812,16814,16811,16808,16807,16806,16804,12450,16799,16798,15072,15950,17958,15399,17142,17742,17699,17932,17082,17081,18509,16158,17125,17124,18999,18001,17096,17070,17088,17065,17166,17164,17162,17161,18281,17507,19166,18596,18594,16924,18140,18195,18194,16896,17313,18881,18880,18879,18696,18697,18877,18878,18700,18233,18232,18230,18227,18224,18141,17883,18489,18488,18487,19195,19199,18965,18964,18499,18498,18497,18496,18495,18225,14953,18226,18494,18493,18492,18491,18017,18015,18016,18013,18012,18011,18009,18010,18005,18008,18007,18006,17676,17675,17674,17673,17672,17671,17670,17669,17667,17668,17649,17650,17100,17036,16980,17642,16925,17736,17467,17916,17914,17915,18845,18427,18426,18425,18424,18423,18422,18421,15184,18420,18405,17431,17430,17429,19125,18412,19123,19129,19128,19124,19120,18800,18799,18702,18602,18413,18410,18408,18407,18406,18176,18409,18029,18028,17711,17370,17373,17709,17708,17707,17706,17705,17704,17439,17437,17433,17432,15046,15045,15044,17427,17426,17425,17424,16971,16972,17710,16172,17438,16816,17987,18866,19221,19220,18522,19219,19051,18089,18698,19039,18704,18069,18647,18666,18665,18587,18586,18274,18273,18271,18270,18269,18268,18267,18266,18265,18264,18263,18262,18261,18260,18259,18258,18257,18255,18254,18253,18252,18250,18249,18248,18247,18246,18244,18243,18242,18241,18240,17893,17892,17891,17890,17889,17894,17693,17692,17691,17689,17688,17687,17686,16945,16944,16943,16488,16487,16332,17888,17887,17886,17885,19047,19046,18039,18038,18789,18942,18945,18935,18934,18933,18932,18931,18930,18817,18816,18815,18814,18813,18811,18810,18094,18112,18110,18109,18104,18103,18100,18098,18097,18096,18095,17641,17640,17639,17638,17637,17021,17017,17016,17015,17014,17013,17012,17011,17009,17008,17007,17006,17005,17004,17003,17002,17001,17000,16994,16992,16991,16990,16989,16988,16987,16986,16985,17010,16996,18913,18912,18914,18911,18909,18906,18905,18904,18903,18902,18901,18896,18895,18894,18890,18775,18774,18773,18772,18771,18770,18769,18768,18767,18766,18765,18764,18763,18762,18761,18760,18759,18758,18757,18756,18755,18754,18753,18752,18751,18750,18749,18748,18747,18746,18745,18744,18743,18742,18741,18740,18739,18738,18737,18736,18735,18734,18733,18732,18731,18730,18729,18728,18715,18714,18585,17434,17435,16286,16285,16284,16283,16282,16281,16280,16279,16278,16277,16276,16275,16274,16273,16272,16271,16270,16269,16268,16267,16266,16265,16264,16263,16262,16261,16260,16259,16258,16256,16255,16253,16252,16251,16250,16248,16247,15803,15802,15801,15800,15377,15376,16249,17713,17501,17485,17466,16157,16156,18120,18812,18371,18372,18946,18692,18193,18191,18192,17939,17984,18447,19049,18519,19078,19077,19037,19040,18703,18836,19068,19088,19094,19089,19087,19081,19080,19079,19074,19073,19071,19069,19062,19048,19044,19043,18949,18947,18948,19063,19055,18790,18626,18625,18624,18834,18788,18786,18784,18524,18787,18778,18710,18708,18628,18619,18604,18584,18555,18554,18552,18551,18550,18549,18548,18547,18546,18545,18544,18543,18706,18943,18190,18189,18188,18186,18185,18184,18183,18182,18181,18187,18542,18541,18540,18538,18539,16689,18537,18536,18535,18534,18533,18532,18531,18530,18529,18518,18517,18516,18514,18512,18473,18472,18471,18470,17956,18474,18511,18513,18449,18515,17881,17971,18858,18855,18852,18854,18853,18851,18417,17879,17878,18351,18392,18393,18374,18370,18373,18389,18234,18062,18235,18033,18032,18031,18350,18349,18346,18348,18279,18087,18086,18085,18084,18347,18027,18026,18024,18023,18025,17950,17949,17948,17946,17945,17944,17943,17942,17941,17912,17899,17884,17871,17870,17882,17869,17868,17867,18390,18059,18058,18057,17954,17953,17933,17866,17865,17863,17851,17861,17858,17857,17856,17855,17854,17853,17852,17850,17848,17847,17846,17845,17844,17843,17842,17841,17840,17839,17838,17837,17836,17835,17834,17833,17864,18180,17983,17969,17696,17436,18779,18380,18379,18385,18382,17414,17415,17413,17412,17411,17410,17409,17408,17406,18936,17403,17401,17399,15934,17397,18381,18217,18175,18174,18173,18172,18171,18170,18169,18168,18167,17959,17745,18166,15335,17417,17880,16651,17832,17831,17830,17829,17828,17827,17826,17825,17824,17823,17822,17821,17820,17819,17818,17817,17816,17815,17813,17812,17811,17810,17809,17808,17807,17806,17804,17803,17802,17801,17799,17798,17797,17796,17795,17794,17793,17791,17789,17785,17784,17783,17782,17786,17805,17658,17781,17780,17721,17779,17777,17776,13722,13721,13719,17778,17759,17760,17758,17757,17756,17752,17750,17751,17755,17748,17749,19064,17728,17725,17727,17724,17723,17726,17753,18926,17615,17614,17613,17612,17611,17610,17609,17608,17607,17606,17605,17604,17603,17602,17601,17600,17599,17597,17596,17595,17594,17593,17592,17591,17590,17589,17588,17587,17586,17585,17584,17583,17582,17581,17580,17579,17578,17577,17576,17575,17574,17573,17572,17571,17570,17569,17568,17567,17566,17565,17564,17563,17562,17561,17560,17559,17558,17557,17556,17555,17554,17553,17552,17551,17550,17549,17548,17547,17546,17545,17544,17598,17720,17754,17685,17684,17682,17681,17680,17679,17666,17665,17655,17683,17636,17635,17634,17633,17632,17631,17630,17629,17628,17627,17657,17646,17484,17626,17625,17624,17623,17622,17621,17620,17619,17618,17617,17616,17423,17422,17420,17421,17391,17419,17418,17389,17374,17792,17986,17985,17395,17388,17407,17385,17386,17367,17366,17365,17364,17363,17361,17360,17359,17358,17357,17356,17354,17353,17347,17352,17351,17350,17346,17345,17344,17343,17342,17341,17340,17339,17338,17337,17336,17335,17334,17333,17332,17331,17329,17328,17327,17326,17325,17323,17322,17321,17320,17319,17318,17317,17316,17315,17312,17311,17314,17309,17308,17307,17306,17305,17303,17302,17301,17300,17299,17298,17297,17296,17310,17348,16891,16895,16893,16887,16886,16882,16885,16832,16883,16831,16830,16829,16828,16825,16644,16824,16823,16821,16822,18592,17053,16693,16692,16419,17295,17294,17293,17292,17291,17290,17289,17288,17287,17285,17286,17284,17283,17282,17281,17280,17279,17276,17275,17274,17273,17258,17272,17271,17270,17269,17330,17368,17543,17542,17541,17540,17539,17538,17537,17536,17535,17534,17533,17532,17404,17157,17151,17150,17149,17148,17147,17146,17145,17144,17063,17158,17268,17267,17266,17265,17278,17263,17264,17262,17261,17260,17259,17257,17256,17244,17254,17253,17252,17250,17249,17277,17165,17152,17163,16539,17051,17248,17247,17246,17245,17241,17240,17238,17237,17236,17235,17234,17233,17255,17239,17231,17362,18528,16128,17232,17228,17226,17225,17223,17221,17220,17219,17218,17217,17517,17512,17509,17508,17505,17504,17502,17497,17496,17495,17489,17482,17479,17441,17464,17456,17449,17518,17463,17462,17461,17460,17478,17477,17476,17448,17475,17474,17473,17472,17471,17470,17450,17469,17455,17454,17451,16969,16967,16968,16714,16712,16713,16966,16965,16964,16962,16961,16959,16958,16956,16955,16954,16953,16952,16951,16950,16949,16948,16947,16946,16963,16759,16736,16735,16732,16734,16960,17216,17215,17214,17213,17212,17211,17210,17209,17208,17207,17206,17205,17224,17196,17204,17202,17222,17384,17643,19070,16543,16941,16942,16984,16765,15751,17018,16939,16937,16938,16940,17201,17200,17199,17198,17195,17193,17192,17230,16926,17229,16756,16384,16382,17191,17190,17189,17188,17186,17185,17184,17183,17182,17187,17243,16820,17242,17113,17160,17135,17134,18050,18049,18048,18047,18046,18045,18044,18043,17761,17717,17716,17078,17079,17133,17101,17071,17050,17057,17052,17058,17154,17102,17049,16923,16922,16921,16649,16648,16641,16640,16639,15978,16638,17048,17046,17044,17045,17130,17171,17085,17115,17074,17067,17066,17061,17095,17043,17042,17041,17040,17038,17034,17033,17039,17059,16979,17324,17180,17179,17177,17176,17175,17483,16842,16424,16841,16840,15890,16839,16838,16837,16836,16833,16834,16757,16423,16826,16758,16231,16230,16229,16881,16888,17035,16916,16864,17194,16976,16977,16772,16769,17859,16632,16634,16935,16936,16934,16932,16931,17747,16928,16929,16918,16900,16899,16762,17251,16708,16761,16933,16740,16739,16688,16642,16707,16637,16636,16635,16633,16631,16630,16629,16733,16626,16627,16724,16957,16727,16725,16726,16646,16645,16710,16709,16711,16520,16519,16518,16517,16516,16515,16970,16768,16401,16767,16755,16754,16752,16751,16750,16749,16746,16738,16729,16686,16685,16548,16753,6715,6713,6714,16541,16745,17139,17136,16531,16720,13927,16719,17032,17030,16975,17037,16527,16526,16426,16530,16529,16528,16524,16523,16513,16512,16625,16624,16623,16628,17862,16076,16622,16621,16620,16619,16618,16616,16615,16614,16613,16612,16611,16610,16609,16608,16607,16606,16605,16604,16603,16602,16601,16600,16599,16598,16597,16596,16595,16594,16593,16592,16591,16587,16586,16584,16583,16582,16581,16580,16579,16578,16577,16585,17700,16797,16795,16793,16790,16792,16794,16796,13883,16576,16575,16574,16573,16572,16571,16570,16569,16568,16565,16564,16563,16562,16561,16560,16559,16558,16557,16556,16555,16554,16552,16551,16536,16400,16399,16398,16535,16566,16221,16220,16509,16508,16507,16430,16549,16506,16486,16485,16484,16483,16482,16387,16481,16464,16358,16357,16355,17304,18375,16367,17653,17652,17651,16364,16362,16361,16360,16350,16349,16347,16346,16348,16383,16148,16147,15935,15933,15931,15932,16345,16353,16354,16915,16914,16913,16912,16380,16379,16378,16377,16376,16375,15790,15788,15787,15789,15784,16107,16352,16356,18399,18398,18401,17999,17998,17997,17996,17995,14644,18400,18163,17390,16927,17393,16722,16721,18437,18052,18054,18416,16368,15922,16372,17392,15773,15772,15774,15977,15975,15974,15951,16351,16327,16326,16325,16324,16322,16315,16316,16314,16300,16480,16538,16537,16340,16339,12813,15852,17077,16760,16411,16410,16412,16431,16429,16428,16427,17523,16715,16338,16333,16320,16308,16298,16307,16306,16302,17490,16295,16293,16292,16291,16290,16289,16288,16287,16294,16309,16094,16095,16096,16088,16087,15451,16086,16083,16336,16747,16786,16589,16805,18030,16141,16142,16150,16106,16827,16068,16067,16066,16065,16064,16062,16061,16060,16058,16059,16057,16056,16055,16054,16053,16052,16051,16050,16049,16048,16105,17468,15743,15742,15741,15738,15737,15736,15735,15734,15733,15732,15731,15713,15730,15727,15726,15725,15714,15753,15740,15739,15662,15710,15722,15721,15708,15705,15698,15697,15696,15695,15694,15693,15692,15691,15690,15661,15660,15659,15658,15657,15707,14440,14439,14438,14436,14435,14434,14433,14432,14431,14430,14429,14428,14427,14426,14425,14424,14423,14421,14420,14422,15604,15600,15605,16476,16462,16447,16438,16553,16418,16416,18553,17957,14647,16415,16417,16391,16385,16414,16510,16233,16232,13208,16236,16222,16234,16181,17800,16194,16183,16143,16182,16235,14649,14648,13926,16413,16177,16175,16176,16168,16167,16165,16164,16163,16162,16161,16160,16166,16159,16145,16127,16126,16125,16124,16123,16144,18415,18414,17921,18061,16511,16122,16117,16116,16113,16121,16082,16118,15952,16119,16075,16374,16021,16019,16018,16022,16014,16012,16010,16009,16008,16007,16006,16004,16005,16001,16000,16002,16146,18478,18477,15771,16112,16114,15989,15991,15988,15987,15986,15985,15984,16089,15971,15970,15969,15968,15967,15966,15840,15965,15963,15962,15960,15959,15958,15956,15961,15939,15940,16047,16046,16045,16044,16043,16042,16041,16040,16039,16038,16037,16036,16035,16034,16033,16032,16031,16030,16029,16028,16027,16026,16025,16024,16023,15948,15947,15945,15946,15943,15942,15944,15941,15938,15937,15936,16079,15876,15877,15999,14130,15998,16017,14970,16020,16120,15765,15930,15929,15928,15888,15927,15916,15915,15902,15917,15918,15926,15924,15923,15925,15901,15900,15899,15898,15897,15896,15895,15894,15983,15982,15981,15979,15980,15879,15878,15872,15871,16860,16859,16858,16857,16856,16855,16854,16853,16851,16852,16850,16440,16432,16873,15318,16846,16395,16392,15767,14099,14098,15766,15620,15607,15656,15649,15870,15869,15866,15865,15863,15892,15893,16330,16321,16313,16312,16311,16310,16652,18801,18793,18002,18883,18882,18627,18476,17025,17024,18148,16703,16706,16702,16701,17901,17900,17771,17770,17769,17897,17702,17701,17663,17662,16737,16103,16102,14931,10668,16101,17743,16100,16099,16098,16097,14497,14496,15850,15846,15844,15842,15841,15839,15838,15837,15836,15835,15834,15832,15831,15830,15829,15828,15827,15826,15825,15824,15823,15822,15821,15843,15791,16171,16170,15450,15449,15448,15652,15643,15640,15641,15639,13787,15638,15635,15634,15633,15608,15610,15637,15636,15648,15624,15596,15623,15236,15235,15234,15783,15782,15781,15780,15785,15786,15764,15760,15758,15757,15756,15630,15820,15819,15818,15817,15816,15845,15889,15858,15857,15856,15799,16152,15646,15578,15575,15868,15523,15777,15506,15504,15503,15505,15867,15447,16149,15794,15793,15815,15814,15813,15812,15811,15810,15809,16132,15887,15886,15885,15851,15343,15180,15179,14902,15609,15603,15599,15597,15592,15589,15586,15585,15584,15583,15582,15573,15569,15568,15572,15847,17076,18453,18157,18162,17910,17909,17907,17908,17960,14658,16700,16697,16696,16699,15875,16698,16766,16764,13345,14490,15323,17906,17531,15996,15994,15995,15913,15914,14987,14988,15574,15567,15602,15511,15237,15566,15565,15563,15570,15571,15541,15556,15882,15501,15258,15257,15502,15860,15859,15621,15560,15561,15562,15559,15558,15555,15544,15538,15545,15554,15543,15542,15537,15536,15535,15546,15525,15533,15334,15333,15332,15330,15329,15328,15327,15534,15531,15530,15529,15528,15527,15526,15522,15521,15520,15524,15650,15700,15770,16617,11027,15763,15762,15500,15499,15498,15497,15496,15495,15494,15493,15492,17860,18215,18214,18213,18211,18212,18210,18209,18208,18207,18206,18205,18204,18203,17527,17528,18081,18080,17090,15228,15227,15225,15226,13767,15224,15491,14082,13335,15490,15489,15488,15487,15486,15485,15484,15483,15480,15473,15482,15481,15478,15475,15472,15471,15470,15469,15468,15467,15466,15465,15464,15463,15462,15461,15460,15459,15458,15457,15456,15519,15513,15557,15438,15441,15864,15446,15443,15444,15455,15454,15474,16228,16226,16225,16224,16223,16135,16136,15242,15241,15240,15238,16134,15094,16227,16329,16331,15068,15067,15849,15022,15021,15848,15992,14640,10175,10174,10173,14639,14638,14260,16369,15415,15413,15412,15414,15393,15402,15357,15356,15405,15445,15453,15477,15440,15432,15431,15430,15476,17168,17167,17029,15222,15223,15647,15427,15428,15426,15424,15423,15422,15419,13930,15418,15416,15421,15420,15410,15425,15408,15407,15397,15384,15371,15370,15322,15036,15369,15401,15403,15409,15808,15797,15796,15689,15688,15687,15142,15140,15139,15138,15137,15136,15135,15134,15133,15132,15131,15130,15129,15141,15104,15101,15100,15207,15221,15219,15218,15217,15216,15215,15214,15212,15211,15206,15205,15204,15203,15202,15201,15200,15199,15518,15517,15507,15146,15532,15508,15581,15317,15314,15315,15394,15395,15391,15390,15389,15387,15386,15385,15382,15381,15380,15379,15378,15374,15373,15366,15365,15351,15350,15337,15349,15372,15368,15367,15363,15362,15361,15360,15375,15308,15307,15313,15348,15345,15344,15342,15341,15340,15339,15321,15320,15309,15388,15398,16880,16879,15190,14637,15306,15305,15304,15303,15302,15301,15300,15299,15298,15297,15295,15294,15293,15292,15291,15290,15289,15296,13601,15288,15287,15286,15285,15284,15283,15282,15280,15279,15278,15277,15276,15275,15274,15273,15272,15271,15270,15269,15267,15281,15245,15246,15400,15186,15185,15404,15192,15197,15198,15189,15347,18067,19218,19217,18395,16763,13929,13928,19145,19144,19143,19142,18867,18388,18387,12198,12197,12196,12195,18386,17712,16973,19116,15253,15252,15250,15251,14354,16728,16783,16770,16544,14643,14641,14451,14642,14985,14983,14982,14986,15196,15195,15194,15191,15220,15243,15244,15266,15265,15264,15263,15262,15113,15111,15110,15112,15268,15359,15099,15097,15096,15098,15210,15181,15338,15024,15346,18377,15178,15176,15177,15479,15174,15173,15172,15170,15169,15168,15166,15165,15164,15171,15095,15092,15091,15090,15089,15088,15087,15084,15083,15086,15079,15076,16567,14916,14915,14914,14906,14912,14904,14905,14315,14266,14265,14264,14263,14262,15031,15030,13664,13663,14261,14901,14918,15874,14900,14887,14899,14898,14897,14893,14892,14890,14891,14888,14889,14886,14885,14884,14883,14882,14917,14922,15025,15069,14947,14946,14940,14939,14938,14933,14136,14934,14937,17729,16534,16533,15921,15920,12480,12479,12478,14919,14879,14881,14876,14874,14877,14907,14921,14826,14923,15070,13545,14936,15093,15183,14646,14896,14875,14870,14871,14868,14866,14845,14867,14863,14865,14849,14895,15157,15156,15155,15154,15127,15126,15124,15122,15120,15032,15033,15121,15645,14571,14570,15109,15123,15125,15118,15117,15080,15064,15063,15065,15553,15564,15233,15231,15230,15128,15116,15115,15114,14955,15232,15312,15311,14966,14964,14963,14960,14959,14965,15319,15625,14499,14498,15145,15143,15144,15316,14051,14660,14911,14910,14909,14846,14908,14790,14789,14502,14501,14788,14853,14851,14862,14872,14844,14861,14859,14903,14840,14835,14831,14837,12795,14833,14832,14828,14827,14825,14824,14823,14821,14822,14818,14817,14820,14816,14819,14812,14810,14809,14807,14803,14799,14795,14794,14798,14842,15020,15019,15018,15017,15016,15015,15013,15012,15010,15009,15008,15007,15006,15005,15004,15003,15002,15014,14969,14952,14951,14950,14949,14948,15364,15073,14276,14275,14274,14273,14272,14270,14268,14271,19009,19008,17873,17872,14128,14126,14129,14269,15622,15779,15778,15776,15775,15043,15042,15041,15040,15039,15038,15037,14125,14127,14762,14806,14814,14813,14800,14792,14784,14791,14787,14782,14781,14780,14779,14778,14777,14776,14775,14774,14771,14770,14769,14768,14767,14765,14764,14763,14773,14761,14760,14759,14766,14783,16110,16111,15855,14595,14688,15392,15954,13717,12426,12425,15953,15259,14480,14479,15325,15331,14930,14929,14928,14674,14673,14672,14670,14669,14659,14758,14757,14756,14755,14753,14752,14751,14750,14749,14748,14747,14746,14745,14744,14743,14742,14741,14740,14739,14738,14736,14737,14735,14734,14733,14732,14731,14730,14786,15955,15163,15162,15161,15160,15158,15023,15159,15105,14942,14943,14690,15957,15798,15795,14682,14681,14680,14679,14678,14677,14676,14675,13873,13872,13871,13757,13756,14683,14503,14504,14729,14728,14727,14726,14705,14702,14686,14685,14684,14562,14701,14725,14793,14804,14635,14634,14633,14629,14627,14621,14620,15048,16179,16074,16073,16072,14618,14352,14353,14626,14625,14628,14622,14630,14476,14473,14624,14619,14617,14615,14614,14613,14612,14610,14609,14608,14607,14606,14605,14316,14235,14623,14556,14555,14554,14553,14552,14551,14550,14549,14796,16748,14559,14547,14546,14545,13244,14544,14543,14542,14541,14538,14537,14536,14535,14534,14533,14532,14531,14530,14528,14527,14526,14524,14523,14522,14521,14520,14519,14518,14517,14516,14515,14514,14513,14512,14511,14510,14508,14695,14724,14723,14722,14721,14720,14719,14718,14717,14716,14715,14714,14713,14712,14711,14957,14956,14651,14652,14408,14407,14406,14405,14403,14402,14401,14400,14399,14398,14397,14396,14395,14394,14393,14392,14391,14390,14389,14388,14387,14404,14472,14999,14998,14997,14996,14995,14994,14993,14992,15000,15167,14453,14452,14471,14475,14981,14289,14302,14301,14300,14299,14298,14290,14297,14296,14295,14294,14292,14291,14616,14611,14601,14593,14594,15769,16193,16190,16189,16188,16187,16186,12893,14592,14591,14590,14600,14631,14314,14313,14880,14991,14990,14989,15011,16318,14308,14307,14306,14305,14304,14240,14239,14238,14237,14219,14218,14351,14076,14075,14386,14385,14384,14383,14382,14381,14380,14379,14378,14377,14376,14375,14374,14373,14372,14371,14370,14369,14368,14367,14366,14365,14364,14363,14362,14361,14359,14358,14046,14360,14280,14279,14561,14483,14466,14465,14589,14588,14587,14586,14585,14584,14582,14580,14581,14710,14709,14708,14707,14704,14703,14706,14267,14257,14228,14227,14226,14509,14356,14355,14336,14334,14333,14332,14331,14335,16363,14687,16791,17526,17525,17379,17378,17377,17376,17375,16742,12307,12306,16716,16717,16151,14441,14443,14349,14348,14347,14346,14345,14344,14342,14341,14339,14338,14337,14343,14442,14474,14121,14216,14215,14213,14212,14211,14210,14209,14287,14288,13342,13245,14286,14293,14123,12891,15249,12880,14208,14207,14206,14205,14204,14202,14201,14200,14199,14197,14198,14196,14203,14195,14193,14192,14191,14190,14187,14180,14179,14178,14177,14176,14175,14173,14172,14171,14107,14540,14700,14699,14698,14697,14696,14694,14693,14692,14691,14507,14464,14463,14310,14236,14106,14105,14104,14095,14091,14090,14089,14088,14087,14092,13889,14578,14583,14603,14458,14457,14455,14454,14083,13901,13920,13916,13915,13913,13912,13911,13910,13909,14935,10092,13658,13884,14074,14073,14072,14071,14070,14069,14068,14067,14066,14065,14064,14063,14062,14061,14060,14059,14058,14057,14056,14055,14054,14053,14052,14050,14049,14048,14045,14044,14043,14042,14041,14040,14038,14037,14036,14035,14033,14047,14529,14548,14032,14031,14029,14030,14026,14027,14025,14024,14023,14021,14020,14019,14018,14017,14015,14014,14013,14012,14016,13897,14170,14169,14168,14167,14165,14164,14163,14162,14161,14160,14159,14158,14157,14156,14155,14151,14150,14149,14148,14147,14146,14145,14144,14143,14142,14141,14140,14579,14577,14576,14575,14574,14573,14572,14500,14481,14462,14461,14460,14330,14329,14278,14277,14253,14251,14250,14249,14247,14245,14246,14419,14418,14417,14416,14415,14414,14413,14437,15964,13788,14666,14317,13882,14689,14924,14506,14357,14468,14467,14328,14326,14324,14323,14322,14321,14325,14469,13611,13610,13609,13718,14645,14078,14086,14084,13636,14085,14094,14101,13896,14244,14242,14252,14119,13924,13923,14243,13881,13880,13877,13878,14034,13918,13917,14011,14010,14009,14007,14006,14004,14005,14003,14002,14001,14000,13999,11806,13998,13997,13996,13995,13994,13993,13992,13991,13990,13988,13987,13986,13984,13983,13980,13979,13978,13977,13976,13975,13974,13973,13985,13981,13972,13971,13970,13968,13967,13966,13965,13964,13963,13962,13961,13960,13959,13958,13957,13956,13954,13955,14008,13837,13836,13835,13833,13832,13831,13834,13879,13922,14248,13856,13854,13853,13852,13851,13850,13847,13846,13845,13849,13842,13841,13840,13839,13830,13829,13827,13826,13825,13824,13823,13821,13828,13857,13791,13790,13919,13653,13652,13651,13792,13822,13855,14039,13669,13668,13667,13665,13666,13729,13818,14093,14320,14318,14319,14283,14284,14124,13691,11267,11266,11265,11264,11263,11262,11261,13690,13689,13891,13890,13874,13893,14153,13885,13727,14139,14152,13888,13887,14189,11675,13802,13801,13800,14174,13898,14350,14599,16139,15187,13952,13951,13950,13949,13900,13899,14100,13870,13815,13817,13816,13814,13813,13820,13796,13799,13812,13768,13819,13908,11355,11354,11046,11045,11044,13907,13906,13905,13904,13903,13864,13863,13862,13861,13860,13859,13858,13803,13811,13772,13865,14137,14154,13780,13782,13876,14181,14340,13932,12534,12533,12532,13735,13734,13737,14941,13766,13765,13764,13763,13762,13761,13760,13694,13695,13693,13692,13789,13770,14525,14103,14102,13638,14166,13724,14282,14281,14470,14954,13948,13947,13946,13945,13944,13943,13942,13941,13940,15229,13754,13753,13752,13751,13749,13748,13747,13746,13745,13744,13743,13742,13741,13740,13750,13755,13798,13921,13725,13844,13848,13731,13730,13733,13732,13713,13712,13711,13710,13709,13708,14602,13707,13706,13705,13704,13703,13701,13702,14632,13699,13698,13696,13697,13700,13688,13687,13686,13685,13684,13683,13682,13681,13680,13679,13678,13677,13676,13675,13672,13673,13670,13656,13654,13671,13646,13645,13643,13632,13631,13644,13674,13728,13603,14096,13578,13589,14539,13347,13346,13350,15256,13604,13608,13607,13605,13602,13600,13599,13598,13597,13596,13595,13594,13606,13781,13776,13775,13773,13769,13662,13661,13659,13660,13774,12787,12785,13657,13540,13539,13538,13537,13536,13535,13534,13533,13532,13531,13529,13528,13527,13526,13524,13523,13522,13521,13520,13518,13517,13516,13515,13514,13513,13512,13511,13509,13507,13508,13939,13938,13937,13936,13935,13934,13933,18808,18807,15880,12146,15047,14233,14234,13630,13629,13628,13626,13625,13624,13615,13623,13627,13613,13614,13622,13621,13620,13618,13617,13619,13592,13591,13585,13584,13583,13582,13581,13579,13577,13580,13576,13575,13574,13573,13572,13571,13570,13569,13568,13567,13566,13565,13564,13562,13563,13561,13560,13559,13558,13557,13556,13587,13588,13349,13348,13714,13723,13340,13339,13337,13336,13334,13333,13330,13318,13317,13316,13315,13343,13341,13332,13331,13329,13328,13327,13326,13325,13324,13323,13322,13319,13321,13311,13314,13253,13313,13307,13305,13289,13288,13287,13306,13309,13304,13555,13554,13553,13552,13551,13273,13266,13272,13312,13300,13295,13293,13294,13308,13265,13275,13292,13302,13286,13303,13278,13263,13281,13285,13284,13283,13276,13282,13290,13279,13299,13868,12492,12491,12490,12489,12488,12486,12485,12484,12483,12482,12481,11556,12487,13280,13310,12120,12033,13338,13506,13505,13504,13519,13474,13354,13353,13503,13502,13501,13500,13499,13498,13497,13496,13495,13494,13493,13492,13491,13490,13489,13488,13487,13486,13485,13484,13483,13482,13481,13480,13479,13478,13477,13476,13359,13358,13357,13356,13355,13360,13475,12890,12889,12888,12887,12884,12882,12881,12878,13271,13270,13257,13254,13260,15417,13795,13794,13793,12752,12751,13246,13256,13198,13269,13111,13268,13207,13206,13251,13249,13255,12975,13252,13243,13242,13117,13248,13239,13247,13238,13267,13204,13209,13240,13250,13217,13237,13235,13234,13233,13230,13214,13232,13218,13216,13231,13226,13227,13228,14134,14133,14132,14131,10795,10794,12494,12493,12495,13229,13650,13649,13648,13647,12819,12818,12817,12816,12404,12518,13225,13197,13220,13223,13222,13221,13391,13352,13525,12749,12879,12876,12875,12874,12873,12872,12868,12867,12865,12864,12863,12862,12861,12860,12866,12858,12871,13205,13196,13213,13212,13194,13320,13200,13199,13210,13202,13201,13192,13191,13190,13187,13186,13185,13181,13180,13179,13184,13183,13173,13171,13170,13169,13182,13120,13119,13174,13172,13193,13075,13166,13168,13163,13161,13164,13165,13162,13153,13112,13152,13150,13151,13148,13160,13159,13158,13156,13146,13145,13157,13140,13144,13138,13143,13136,13135,13147,13137,13134,13133,13130,13128,13126,13154,12755,13118,13125,13122,13131,13139,13124,13123,13116,13100,13088,13115,13109,13110,13086,13129,13092,13090,13089,13091,13108,13114,13132,13098,13107,13105,13094,13085,13083,13082,13087,13076,13074,13073,13081,13084,13072,13071,13064,13063,13054,13053,13052,13051,13050,13049,13048,13047,13070,13069,13068,13067,13080,13096,12848,12859,12857,12856,12855,12853,12852,12851,12869,13149,12824,13044,13043,13066,13065,13062,13061,13060,13059,13058,13057,13056,13055,13041,13040,13039,13038,13037,13036,13035,13033,13030,13031,13028,13093,13969,11357,12822,12820,12537,12536,12538,12812,12799,12798,12794,12793,12792,12791,12790,12789,13655,15078,15077,15075,15074,14657,14656,14655,14654,14653,12142,12141,12140,12139,12143,12850,12849,12847,12846,12845,12844,12843,12842,12841,12840,12839,12838,12837,12836,12835,12834,12833,12832,12831,12870,12575,12622,12061,12060,12059,12828,12827,12830,12811,12810,12809,12807,12805,12803,12802,12806,12826,12886,12784,12783,12782,12804,12825,12883,13029,13027,13026,13025,13024,13022,13017,13016,13015,13014,13013,13012,13023,13021,13020,12997,13010,12918,13004,12933,12932,12931,13011,13007,13006,13019,12960,13018,12937,13003,13002,13001,13000,12998,12996,12995,12999,12979,12994,12993,12992,12991,12990,12988,12987,12986,12982,12985,12984,12983,12977,12971,12981,12976,12969,13032,12965,12964,12919,12968,12967,12970,12963,12974,12972,12961,12957,12958,12953,12956,12954,12950,12949,12955,12947,12946,12940,12939,12951,12948,12924,12925,12767,12766,12765,13127,12496,12930,12929,12928,12927,12945,12944,12942,12941,12915,12923,12934,12912,12909,12908,12907,12906,12905,12774,12952,12917,12916,12911,13009,12643,12746,12814,12922,12966,12743,12741,12740,12739,12737,12736,12735,12734,12732,12730,12729,12728,12727,12726,12725,12733,12989,12621,13034,12913,12904,12903,12902,12900,12899,12897,12898,12760,12764,12797,12776,12786,12763,12762,12796,12757,12756,12759,12758,13005,12962,12800,12773,14836,12530,12529,12528,12527,12526,12525,12523,12522,12521,12119,12781,12780,12779,12778,12777,12772,12768,12885,12613,12612,12611,12609,12608,12607,12606,12605,12604,12603,12602,12601,12600,12599,12598,12597,12596,12595,12594,12592,12591,12590,12589,12588,12587,12593,12574,12573,12572,12571,12570,12569,12568,12567,12566,12565,12564,12562,12561,12560,12559,12558,12557,12556,12555,12554,12563,12531,12724,12722,12721,12720,12719,12718,12716,12715,12714,12713,12711,12710,12709,12723,12771,12801,12346,12769,13510,12396,12405,12401,12400,12399,12398,12397,12402,12403,12745,12152,12151,12150,12149,12118,12517,12524,12761,12658,12657,12656,12655,12708,12707,12706,12717,12672,12671,12705,12704,12703,12750,12653,12650,12649,12670,12702,12701,12698,12697,12696,12695,12694,12693,12692,12689,12688,12685,12684,12683,12681,12686,12682,12631,12630,12629,12628,12626,12625,12620,12583,12582,12581,12580,12579,12578,12553,12551,12550,12549,12548,12547,12546,12544,12543,12542,12541,12545,12510,12509,12508,12507,12506,12505,12504,12503,12502,12501,12499,12500,12552,12516,12519,12472,12471,12468,12467,12466,12470,12477,12498,12640,12669,12645,12644,12638,12637,12646,12680,12679,12648,12678,12691,12747,12901,12619,12618,12617,12616,13106,12514,13219,12008,12007,12465,12464,12463,12462,12461,12459,12458,12457,12455,12454,12453,12452,12451,12474,12515,12520,12443,12440,12639,12690,12667,12666,12665,12663,12660,12664,12344,12343,12342,12341,12340,12821,12586,12585,12584,12220,12442,12738,12427,13167,12615,12614,14241,11819,11818,11817,12438,12441,12415,12414,12413,12412,12410,12409,12251,12250,12248,12408,12407,12411,12437,12436,12435,12434,12431,12430,12661,13982,12319,12349,12351,12731,12419,12418,12417,12347,12348,12469,11659,12449,12448,12447,12446,12445,12444,12246,12189,12188,12022,12021,12020,12338,12317,12316,12315,12314,12313,12312,12290,12289,12311,12352,12116,12115,12114,12113,12166,12167,12823,12424,12423,12420,12421,11867,11909,11908,11907,10565,12337,12345,12335,12334,12333,12877,12225,12224,11835,11834,11833,11832,12223,12222,12226,12215,12214,12393,12926,12265,12260,12259,10154,10158,10157,12258,12269,12257,12268,12339,12330,12329,12328,12327,12636,12635,12633,12642,12677,12512,12687,12287,12286,12284,12283,12280,12282,12281,12279,12278,12277,12276,12275,12274,12273,12272,12271,12270,12285,12291,12264,12262,12263,12699,12153,12031,12032,12256,12267,12200,12199,12392,12391,12390,12389,12388,12387,12386,12385,12384,12383,12382,12381,12380,12379,12378,12377,12376,12375,12374,12373,12372,12371,12370,12368,12367,12366,12365,12364,12363,12362,12361,12360,12359,12358,12357,12356,12355,12354,12369,12121,12324,12353,12310,12309,12308,12303,12302,12301,12300,12299,12298,12297,12296,12295,12294,12292,12293,12394,12433,11995,12432,12428,12148,12288,12429,12439,12829,12191,12190,12770,12186,12185,12184,12183,12182,12181,12180,12187,12112,12111,12109,12108,12107,12106,12101,12105,12104,12103,12102,12110,12163,12178,12179,12318,12193,12127,12126,12125,12192,12194,11880,12100,12035,12034,12037,12058,12057,12056,12055,12054,12053,12052,12051,12050,12049,12048,12047,12177,14932,11701,11700,11699,11698,11697,11696,12165,12161,12160,12159,12158,12157,12155,12156,12162,12788,12218,12217,12210,12209,12208,12207,12206,12205,12203,12202,12204,14958,12624,12623,12175,12174,12173,12172,12171,12170,12169,12168,12216,12219,12145,12144,12099,12098,12096,12095,12094,12093,12092,12091,12090,12089,12097,13931,14671,12137,12136,12135,12134,12133,12132,12131,12130,12129,12128,12138,12124,12123,12122,12627,12017,12045,12176,12213,11658,12117,12261,12742,12044,12040,12039,12038,12043,12046,11994,11993,11992,11991,11990,11989,11988,11987,11985,11984,11983,11982,11981,11980,11979,11978,12808,16155,14926,14925,18036,13810,13809,13808,13807,13806,13805,13804,11376,11977,11976,11975,11974,11973,11972,11971,11970,11969,11968,11965,11963,11961,11960,11959,11958,11957,11956,11955,11954,11953,11952,11951,11949,11948,11946,11945,11950,12088,12087,12086,12085,12084,12083,12081,12080,12079,12078,12077,12076,12075,12074,12073,12072,12071,12070,12069,12068,12067,12066,12065,12064,12082,12062,12063,11938,11937,11936,11935,18272,11571,11569,11570,11934,11933,11932,11931,12164,14459,14409,14411,14410,12815,12030,12029,12028,12027,12026,12025,12024,11929,11871,11930,14194,11829,11827,11826,11825,12305,12304,12255,12254,12253,12252,11026,11032,11824,11828,11962,11799,11804,11944,11947,11885,11964,11943,11800,11967,12016,12015,12014,12013,12011,12010,12009,12012,12211,12005,12006,12497,11941,11770,11769,11939,12004,12003,12000,11999,11823,11821,11822,11812,12018,11910,11904,11903,11901,11900,11899,11898,11897,11896,11869,11868,11902,14255,14254,14097,11942,11798,11797,11796,11795,11794,11966,11928,11866,11865,12036,12042,12001,11926,12266,11924,11906,11905,11895,11894,11893,11891,11892,11925,11807,11927,12249,11923,11922,11889,11887,15001,11844,11843,11842,11841,11839,11838,11836,11840,11888,11921,11706,11705,11772,10527,12041,11813,11890,11884,11883,11882,11881,11878,11873,11872,11830,7786,11831,11877,11876,11879,11709,11704,11703,11708,14258,12456,15026,12323,12322,12321,12320,11768,11767,11766,11765,11763,11762,11761,11356,11764,11793,11803,11788,11787,11802,11517,15993,16081,16080,11920,11916,11911,11915,11914,11913,11801,10801,12154,12535,12539,11691,11693,11792,11789,11791,11087,11785,12973,13215,11775,11774,11773,11579,11578,11577,11576,11575,11573,11574,11695,11786,12662,12632,11759,11758,11757,11756,11755,11754,11753,15239,11746,11745,11744,11743,11742,11741,11740,11739,11737,11736,11734,11733,11732,11731,11730,11729,11728,11727,11725,11724,11723,11722,11721,11720,11719,11718,11717,11716,11715,11714,11726,12002,11712,11711,12201,11674,11996,11590,11622,11621,11620,11782,11779,11552,11553,11713,12247,12245,12243,12244,11820,12242,12241,12240,12239,12238,12237,12236,12235,12234,12233,12232,12231,12230,12229,12228,12227,11619,11617,11616,11615,11546,11614,11613,11611,11610,11609,11608,11607,11606,11605,11604,11603,11602,11601,11600,11599,11596,11595,11598,11594,11612,8847,8846,11592,11591,11589,11588,11587,11586,11585,11583,11584,11618,11567,11565,11563,11562,11561,11560,11566,11735,11657,11656,11655,11654,11653,11652,11651,11650,11649,11648,11646,11645,11644,11643,11642,11641,11640,11639,11638,11543,11542,11541,11540,11539,12460,12473,11195,11637,11635,11636,11582,11581,11580,11634,11633,11632,11631,11647,11811,11809,11808,11810,11784,11783,11781,11778,11777,11776,11780,11559,11558,11557,11555,11520,11519,11518,11521,11692,11690,11689,11687,11685,11684,11683,11680,11686,11682,11694,11678,11677,11676,11681,11679,11790,12854,11630,11629,11628,11627,11626,11625,11554,12577,11506,11504,11505,11503,11501,11500,11502,11496,11495,11494,11497,11538,11537,11536,11535,11534,11463,11533,11532,11515,11514,11513,11531,11530,11529,11528,11526,11525,11524,11523,11522,11512,11510,11509,11470,11508,11507,11482,11493,11499,11498,11492,11491,11490,11488,11476,11475,11473,11472,11471,11487,11771,11461,11486,11485,11351,11484,11325,11483,11480,11478,11468,11467,11457,11456,11455,11454,11453,11452,11451,11450,11458,11466,11474,12634,11192,11193,11449,11527,11440,11448,11447,11446,11445,11444,11443,11436,11434,11442,11439,11438,11437,11432,11431,11430,11428,11433,11427,11426,11425,11424,11423,11422,11421,11420,11419,11418,11417,11416,11415,11414,11413,11412,11411,11410,11409,11408,11407,11406,11405,11404,11403,11402,11464,11460,11459,11386,11383,11384,11353,11469,11489,11327,11462,11707,11350,11349,11348,11343,11340,11344,11401,11400,11399,11398,11397,11395,11392,11389,11391,11394,11396,11387,11385,11429,11516,11378,11377,11375,11374,11372,11373,11370,11371,11369,11368,11367,11366,11365,11363,11362,11361,11360,11359,10083,11358,11364,11390,11388,11381,11380,11379,11393,11688,11085,11339,11347,11341,11338,11345,11276,11275,11259,11258,11257,11256,11255,11254,11253,11251,11250,11249,11248,11346,11337,11336,11333,11332,11331,11330,11329,11328,11324,11326,11322,11316,11323,11285,11335,11219,11218,11284,11283,11280,11279,11278,11752,11352,10040,11273,11342,11319,11274,11318,11281,11245,11244,11243,11242,11241,11240,11239,11238,11237,11236,11235,11234,11233,11232,11231,11230,11229,11225,11224,11223,11222,11227,11221,11210,11252,11179,11277,11106,11096,11178,11216,11215,11214,11213,11217,11197,11220,11247,11209,11212,10841,11211,11208,11206,11202,11198,11228,11382,14327,16093,11189,11188,11187,11186,11104,11184,11183,11182,11185,11203,11207,11205,11321,11177,11176,11174,11175,11173,11171,11170,11168,11167,11166,11165,11164,11163,11162,11161,11160,11159,11158,11157,11156,11155,11154,11153,11103,11100,11098,11102,11152,11149,11148,11147,11146,11144,11143,11141,11140,11145,11226,11083,11082,11139,11137,11136,11135,11134,11133,11132,11131,11130,11129,11127,11126,11124,11123,11121,11120,11118,11116,11031,11200,11196,11334,11572,11022,11028,11030,11115,11114,11128,10628,11150,11246,11075,11020,11086,11113,11112,11111,11110,11109,11108,11107,11122,13042,11023,9012,9013,11025,11029,11099,11172,11105,11080,11078,11081,11079,11073,11074,11077,11072,11071,11070,11069,11068,11067,11066,11065,11064,11063,11062,11061,11060,11059,11058,11057,11056,11055,11053,11051,11054,11037,11036,11035,11034,11000,11033,11180,11204,10706,10705,13008,11012,11011,11010,11008,11007,11006,11005,11004,9266,11009,11119,10998,10997,11151,10919,10918,10917,10916,10996,11019,11018,11017,11016,11014,11003,11002,10995,10992,11015,10990,10989,10987,10988,10986,10985,10984,10983,10982,10981,10980,10979,10977,10975,10974,10956,10973,10972,10971,10970,10969,10968,10967,10966,10965,10964,10962,10961,10959,10958,10957,10955,10954,10953,10952,10951,10950,10949,10948,10947,10944,10943,10942,10941,10940,10939,10938,10937,10936,10933,10932,10931,10930,10929,10928,10927,10926,10925,10924,10923,10922,10921,10920,10946,15759,10574,10573,10572,10571,10570,10569,10568,10567,10976,10915,10914,10913,10912,10911,10910,10909,10908,10907,10904,10901,10900,10899,10898,10897,10896,10895,10894,10893,10892,10891,10890,10888,10887,10886,10885,10884,10883,10882,10881,10880,10876,10875,10874,10873,10872,10877,10791,10790,10789,10788,10787,10786,10785,10784,10783,10782,10777,10778,10871,10870,10869,10868,10867,10866,10865,10864,10863,10862,10861,10860,10859,10858,10857,10855,10854,10853,10852,10851,10850,10849,10847,10848,10846,10889,10963,11050,11076,11760,10677,10675,10676,10134,10994,10993,10840,10839,10838,10826,10804,10825,10824,11049,11048,10800,10799,10798,10796,10797,10820,10823,10822,10821,10819,10818,10817,10808,10803,10802,10827,10807,10772,10770,10771,11047,11084,10522,10533,10769,10768,10767,10766,10765,10775,10903,10644,10747,11097,11101,10560,10558,10559,10556,10555,10554,10552,10551,10550,10548,10547,10546,10549,10528,10754,10742,10741,10764,10763,10762,10761,10760,10748,10758,10757,10759,10751,10745,10776,10728,10780,10743,10738,10740,10739,10737,10756,13258,10661,10660,10662,10643,10659,10658,10755,10774,11169,10672,10669,10670,11021,10665,10664,10663,10752,10730,10729,10727,10725,10724,10723,10722,10721,10720,10719,10718,10717,10716,10715,10726,10714,10713,10712,10708,10731,10736,10735,10733,10734,10699,10698,10697,10696,10695,10694,10693,10991,10094,8864,10093,10692,10732,10710,10709,10707,10711,10773,10656,10674,10779,10667,10666,10845,10844,10906,10587,10585,10586,10905,10583,10581,10580,10579,10578,10577,10576,10575,10582,10673,10543,10879,10648,10645,10641,10703,10702,10701,10562,10700,10704,10529,10516,10515,10509,10508,10878,11260,10999,10638,10691,10690,10689,10688,10687,10686,10685,10684,10683,10682,10681,10680,10679,10678,10945,10652,10630,10629,10637,10856,13259,9241,9242,11479,10627,16695,16550,14927,12019,11551,11550,11549,11548,6986,10626,10625,10624,11815,10622,10623,10617,10616,10615,10614,10612,10611,10610,10609,10606,10605,10608,10613,10655,10531,10530,10532,10584,10632,10934,10646,10536,10671,10649,10603,10602,10599,10598,10597,10596,10595,10594,10593,10592,10591,10590,10589,10588,10601,10112,10111,10600,10636,10654,11052,11088,10540,10538,10537,10539,10517,10506,11441,10439,10437,10436,10435,10434,10433,10432,10438,10607,10563,10653,10650,10640,10634,14217,7802,10651,10520,10521,10518,10519,10514,10513,10512,10511,10510,10635,10395,10394,10393,10507,10633,10392,10399,10642,10427,10426,10425,10424,10423,10422,10421,10420,10419,10418,10417,10416,10415,10414,10413,10412,10411,10410,10409,10408,10407,10406,10405,10404,10403,10398,10631,10505,10504,10503,10502,10501,10500,10499,10498,10497,10496,10495,10494,10493,10491,10490,10489,10488,10486,10484,10485,10451,10483,10482,10481,10480,10479,10478,10477,10476,10475,10474,10470,10472,10557,11138,10082,11117,9555,10469,10468,10473,10902,10534,9592,10462,10542,10440,10566,10430,10428,10431,10453,10461,10460,10459,10464,10526,10525,10524,11013,10314,10313,10311,10312,10310,10309,10390,10391,10387,10389,10388,10383,10386,10382,10381,10380,10379,10378,10377,10376,10385,10369,10375,10372,10371,10368,10367,10366,10365,10364,10363,10361,10360,10359,10358,10357,10356,10353,10352,10351,10355,10354,10350,10362,10457,10458,10456,10455,10454,10450,10446,10443,10467,10466,10492,10400,10087,10086,10176,13274,12023,10374,10373,10323,10308,10306,10305,10307,10335,10349,10346,10345,10348,10657,10136,10343,10342,10341,10340,10339,10338,10334,10333,10091,10332,10336,10331,10330,10328,10327,10344,10316,10315,10471,10449,10448,10445,10444,10447,10535,12511,8923,8922,10326,10325,10322,10321,10320,10318,10290,10288,10287,10286,10317,10304,10301,10299,10300,10298,10297,10296,10293,10347,10302,10283,10295,10442,10465,10441,10487,9967,9966,10384,10289,10282,10280,10279,10281,10278,10276,10275,10274,10273,10271,10270,10268,10285,10264,10265,10267,10266,10263,10262,10261,10260,10259,10258,10256,10255,10254,10252,10251,10250,10249,10246,10248,10244,10016,10015,10014,10013,10243,10242,10241,10232,10277,10202,10204,10205,10240,10238,10237,10236,10234,10245,9985,10239,10230,10228,10227,10226,10224,10223,10200,10198,10197,10196,10195,10199,10222,10229,10219,10253,12540,10165,10166,10177,10221,10231,15580,10039,10038,10037,10036,10035,10034,10033,10225,10272,10216,10214,10257,10247,10201,10324,10206,10212,10213,10209,10208,10294,10102,9240,10935,10545,10132,10131,10130,10129,10128,10127,13264,14135,10194,10193,10192,10190,10189,10188,10187,10185,10184,10183,10182,10181,10180,10179,10178,10186,10172,10170,10169,10168,10167,10171,10220,10218,10152,10150,10149,10151,10153,10235,10081,10080,10078,10075,17694,9978,9977,9976,9975,9974,10074,10073,10077,10076,10148,10147,10146,10145,10144,10143,10141,10140,10139,10138,10137,10142,10126,10125,10124,10123,10122,10120,10119,10117,10110,10133,10215,10012,10269,11568,10072,10071,10069,10068,10070,10066,10049,10067,10065,10109,10561,10061,10060,10062,10108,10107,10106,10105,10104,10103,10116,10096,10095,10118,10121,10089,10090,10113,10100,10099,10098,10101,10211,10210,9984,9983,10337,10805,9973,9972,9971,9968,9970,9969,9961,10329,9960,9962,9959,9958,9957,9956,9955,9954,9953,9952,9951,9950,9949,9942,9948,9947,9946,9944,9943,9941,9939,9938,9937,9936,9935,9934,9933,9932,9930,9929,9928,9927,9926,9925,9924,9940,10046,10063,10048,10044,10079,10088,10284,8975,8974,8973,10042,10064,9996,9995,9994,9991,9990,9989,9988,9987,9986,10047,10059,10058,10057,10056,10055,10054,10053,10052,10051,10050,9993,9992,10032,10031,10030,10029,10028,10027,10026,10025,10024,10023,10022,10021,10019,10018,10020,10009,10008,10007,10006,10005,10004,10003,10002,10001,9998,9997,9999,17849,16835,9587,9586,9585,9584,9583,9582,9581,9580,9579,9578,9575,9588,11564,11738,8600,8601,9963,9964,9965,10207,10217,9775,9773,9772,9771,9770,9769,9768,9767,9766,9765,9764,9763,9762,9761,9760,9759,9758,9757,9756,9774,9923,9922,9921,9920,9919,9918,9917,9916,9915,9914,9913,9912,9911,9909,9907,9910,9908,9899,9898,9897,9906,9905,9904,9903,9902,9901,9900,9895,9894,9893,9892,9891,9890,9889,9888,9887,9886,9884,9883,9882,9881,9880,9879,9878,9877,9876,9875,9874,9873,9872,9871,9870,9869,9868,9867,9866,9865,9864,9863,9862,9861,9860,9859,9858,9857,9856,9855,9854,9853,9852,9851,9850,9849,9848,9847,9846,9845,9844,9843,9842,9841,9840,9839,9838,9837,9836,9835,9834,9833,9832,9831,9829,9828,9827,9826,9830,9813,9808,9825,9824,9823,9822,9821,9820,9819,9818,9817,10203,10291,10097,9514,9513,9512,9510,9509,9508,9506,9505,9504,9503,9502,9501,9500,9499,9498,9496,9495,9494,9493,9492,9491,9490,9489,9488,9487,9486,9485,9484,9483,9482,9481,9480,9479,9478,9477,9476,9475,9474,9511,10429,9982,9980,9981,9807,9806,9805,9804,9803,9801,9800,9799,9798,9797,9796,9795,9793,9792,9791,9790,9789,9788,9787,9786,9785,9784,9783,9782,9781,9780,9779,9778,10164,10162,10161,10159,10163,9305,9304,9303,9302,9301,9300,9298,9299,9288,9777,9776,9802,10160,10011,10010,10541,8794,8793,9755,9754,9753,9752,9751,9750,9749,9748,9746,9747,9741,9745,9744,9742,9743,10000,10553,8768,9740,9738,9737,9736,9735,9734,9732,9731,9730,9729,9728,9727,9726,9725,9724,9723,9722,11477,9553,9552,9550,9549,9548,9546,9544,9545,9554,9721,9719,9718,9717,9716,9715,9714,9713,9712,9711,9710,9709,9708,9707,9706,9705,9704,9703,9702,9701,9700,9699,9698,9697,9696,9733,9285,10303,10396,9161,9321,9472,9471,9507,9720,9794,9282,9278,9281,9695,9694,9693,9692,9691,9690,9689,9688,9687,9686,9685,9684,9683,9682,9681,9680,9679,9678,9677,9676,9675,9674,9673,9672,9671,9670,9669,9668,9667,9666,9665,9664,9663,9662,9661,9660,9659,9658,9657,9656,9655,9654,9653,9652,9651,9650,9649,9648,9647,9646,9645,9644,9643,9641,9640,9739,9595,9593,9573,9571,9570,9569,9568,9567,9566,9543,9565,9564,9563,9561,9562,9574,9576,9816,9885,9235,9236,9560,9559,9572,9577,9639,9638,9637,9636,9635,9634,9633,9632,9631,9630,9629,9628,9627,9626,9625,9624,9623,9622,9621,9620,9619,9618,9617,9616,9615,9614,9613,9642,9558,9557,9556,9542,9540,9594,10115,9275,9274,9273,9272,9271,9270,9269,9268,9267,9276,9279,9263,9612,9611,9610,9609,9608,9607,9606,9605,9604,9603,9602,9601,9600,9599,9598,9597,9596,12422,8814,8813,8815,9551,9209,9207,9208,9239,9238,9237,9591,9590,9589,9539,9538,9537,9536,9534,9533,9535,9532,9531,9529,9528,9527,9526,9525,9524,9523,9522,9521,9520,9519,9518,9517,9516,9515,9530,9277,9286,9469,9467,9466,9465,9464,9463,9462,9461,9459,9458,9457,9455,9454,9453,9451,9452,9449,9447,9446,9442,9448,9450,9445,9444,9443,9441,9456,9541,9814,9313,9312,9311,10397,6508,6507,6506,9297,9295,9294,7819,7818,9296,9440,9468,9246,9245,8943,8942,8941,8940,8939,8938,8967,9244,9439,9438,9437,9436,9435,9434,9433,9432,9431,9429,9428,9427,9426,9425,9424,9423,9430,9421,9420,9422,9419,11710,9287,9418,9417,9416,9415,9414,9413,9412,9411,9410,9409,9408,9407,9406,9405,9404,9403,9402,9401,9400,9399,9398,9397,9396,9395,9394,9393,9392,9391,9390,9389,9388,9387,9386,9385,9384,9383,9382,9381,9380,9379,9378,9377,9376,9375,9374,9373,9372,9371,9370,9369,9368,9367,9366,9365,9364,9363,9362,9361,9360,9359,9358,9357,9356,9355,9354,9353,9352,9350,9349,9348,9347,9346,9345,9351,9470,9265,9264,9473,9232,9230,9229,9228,9227,9231,9243,9497,9320,9319,9316,9317,9261,9260,9259,9258,9257,9256,9255,9254,9253,9252,9251,9250,9318,9206,9205,9202,9204,9249,9247,9248,9211,9226,9224,9223,9222,9221,9220,9219,9218,9216,9215,9234,9344,9343,9342,9341,9340,9339,9338,9337,9336,9335,9334,9333,9332,9331,9329,9328,9330,9322,9327,9326,9325,9323,9324,9460,9190,9189,9188,9187,9186,9185,9184,9183,9182,9181,9180,9179,9178,9177,9176,9175,9174,9172,9171,9170,9169,9167,9166,9165,9163,9162,9173,9214,9815,9811,9810,9314,9201,9200,9199,9198,9197,9196,9195,9194,9193,9192,9191,9945,9159,9158,9157,9156,9155,9154,9152,9151,9150,9149,9147,9146,9145,9143,9142,9141,9140,9139,9138,9137,9136,9135,9134,9133,9132,9131,9130,9129,9128,9127,9126,9125,9124,9123,9122,9121,9120,9118,9117,9116,9115,9114,9113,9112,9111,9110,9109,9108,9107,9106,9105,9104,9103,9102,9101,9099,9098,9100,9095,9096,9094,9093,9092,9090,9089,9088,9091,9213,9212,9210,9217,10156,10155,9060,9059,9010,9086,9085,9084,9083,9080,9078,9079,9077,9082,9058,9056,9055,9054,9053,9052,9051,9050,9049,9048,9047,9057,9148,9164,9075,9074,9073,9144,9004,9072,9071,9070,9069,9068,9067,9097,9203,11940,9066,9065,9064,9062,9061,9063,8919,8920,9003,10114,8849,9087,9046,9041,9040,9044,9225,8918,8917,8916,8915,8914,8913,8912,8911,8910,8909,8908,8907,8906,8905,8904,8903,8902,8898,8897,8896,8895,8894,8901,8900,8899,8891,8893,8892,9039,9037,9035,9034,9027,9045,8773,9026,9025,9042,10085,10084,8925,8863,10452,9011,9315,9262,8862,9015,9043,9016,9038,10135,8961,8960,8959,8958,8957,9028,8932,9036,9008,9006,9005,9007,8583,9009,9024,9023,9022,9021,9020,9019,9018,9014,9017,9033,9032,9031,8972,8971,8968,8970,9081,8927,8929,10370,8767,8766,8889,8888,8887,8886,8885,8883,8882,8881,8880,10463,8837,8836,8838,8890,9119,8962,8845,8844,8802,8801,8800,8799,8798,8796,8786,8785,8784,8707,8797,8812,9002,9153,8765,8834,8832,6559,8833,8709,8884,9076,8999,8998,8997,8995,8994,13914,8993,8992,8991,8990,8989,8987,8988,8996,8981,8980,8978,8977,8976,8979,8947,8878,8876,8875,8874,8873,8872,8871,8870,8869,8986,8984,8982,8985,8964,9030,8954,8597,8953,8956,9547,8759,8758,8757,8756,8755,8754,8752,8750,8749,8748,8747,8746,8745,8744,8743,8742,8741,8740,8739,8751,8753,8868,8877,8866,8865,8879,8937,8936,8935,8933,8934,8926,9233,8831,8830,8924,8966,9001,9000,8861,8860,8859,8858,8857,8856,8854,8853,8852,8851,8850,8843,8842,8921,8839,8840,8804,8805,8955,8930,8931,8820,8819,8818,8816,8817,9168,8810,8809,8808,8807,8806,8867,8841,8835,8824,8822,8826,8825,8969,8705,8704,10319,8489,8763,8738,8736,8735,8734,8733,8732,8737,8762,8760,8761,9931,8706,8702,8700,8699,8703,8811,8855,8548,8547,8546,8698,8697,8696,8695,8693,8691,8690,8688,8965,8792,8791,8790,8789,8788,8821,8823,8731,8730,8729,8728,8727,8726,8725,8724,8723,8722,8795,8782,8490,8781,8780,8777,8775,8774,8778,8803,8764,8772,8771,8770,8769,8776,8783,8687,9280,7810,8686,8779,8963,8952,8951,8950,8828,8827,8719,8717,8718,8721,8685,8683,8679,8682,8684,8680,8681,8678,8677,8676,8675,8674,8673,8672,8671,8670,8669,8668,8667,8666,8665,8664,8663,8662,8661,8660,8659,8658,8657,8656,8655,8654,8652,8651,8650,8649,8648,8647,8646,8645,8643,8642,8641,8640,8639,8638,8653,8720,8632,8631,8630,8629,8628,8626,8637,8636,8635,8595,8596,8634,8633,8644,8944,8586,8945,8625,8624,8623,8621,8620,8619,8617,8616,8615,8614,8612,8611,8610,8609,8608,8605,8607,8613,8602,8598,8716,9310,9309,9308,9306,9307,8594,8593,8592,8589,8588,8502,8587,8590,8829,8580,8579,8578,8577,8576,8582,8574,8573,8572,8571,8946,8563,8562,6927,6926,8564,8581,8591,8606,8618,8715,8714,8713,8712,8711,8710,8509,8508,8507,8506,8505,8585,8560,6664,8559,8557,8555,8569,8575,8567,8480,8477,8537,8515,8554,8570,8504,8503,8558,8556,8561,8622,11986,8541,8543,8545,8536,8487,8486,8485,8535,8533,8527,8539,8540,8525,8530,8529,8512,8511,8510,8532,8526,8538,8514,8528,8542,8627,8689,8708,8420,8566,8484,8499,8498,8497,8496,8495,8494,8501,8531,8493,8492,8491,8534,8479,8478,8488,8500,8476,8475,8522,8521,8520,8519,8518,8517,8516,8524,8523,8474,8472,8471,8470,8469,8468,8467,8466,8465,8463,8464,8462,8461,8460,8459,8458,8457,8456,8455,8419,8448,8452,8451,8450,8449,8446,8445,8444,8443,8442,8441,8440,8439,8437,8436,8435,8434,8433,8432,8431,8430,8429,8428,8454,8473,8412,8410,8403,8427,8453,8422,8418,8417,8416,8415,8406,8405,8402,8401,8447,8414,8413,8425,8424,8423,8438,10523,6865,8409,8394,8408,8407,8404,8398,8400,8397,8396,8395,8392,8393,8391,8390,8389,8388,8387,8386,8385,8384,8383,8382,8381,8380,8379,8378,8377,8376,8367,8375,8373,8372,8371,8370,8374,8369,8368,8366,8365,8364,8363,8362,8361,8360,8359,8358,8357,8356,8355,8354,8353,8352,8351,8350,8349,8348,8347,8344,8346,8345,8343,8342,8340,8339,8338,8341,8337,8336,8335,8334,8333,8331,8330,8328,8329,8309,8308,8307,8327,8332,8298,8326,8325,8324,8323,8322,8321,8320,8319,8318,8317,8316,8315,8314,8313,8312,8311,8310,8305,8304,8303,8302,8301,8300,8299,8306,8297,8296,8295,8293,8292,8291,8290,8289,8288,8287,8286,8285,8284,8283,8282,8281,8280,8279,8278,8277,8276,8275,8274,8273,8272,8271,8270,8269,8268,8267,8266,8265,8264,8263,8262,8261,8260,8259,8258,8257,8256,8255,8254,8253,8252,8251,8250,8249,8248,8247,8246,8245,8244,8243,8242,8241,8240,8239,8238,8237,8236,8235,8234,8233,8232,8231,8230,8229,8228,8227,8226,8225,8224,8223,8222,8221,8220,8219,8218,8217,8216,8215,8214,8213,8212,8211,8210,8209,8208,8207,8206,8205,8204,8203,8202,8201,8200,8199,8197,8198,8196,8195,8194,8193,8192,8191,8190,8189,8188,8187,8186,8185,8184,8183,8182,8181,8180,8179,8178,8177,8176,8175,8174,8173,8172,8171,8170,8169,8168,8167,8166,8165,8164,8163,8162,8161,8160,8159,8157,8156,8155,8154,8153,8151,8150,8149,8148,8147,8146,8145,8144,8143,8142,8141,8140,8139,8138,8137,8136,8135,8134,8133,8132,8131,8130,8129,8128,8127,8126,8125,8124,8122,8121,8119,8120,8123,8116,8115,8118,8114,8113,8112,8111,8110,8109,8107,8106,8105,8104,8158,8294,7887,7996,8103,8102,8101,8100,8099,8098,8097,8096,8095,8094,8093,8092,8091,8090,8089,8088,8087,8086,8085,8084,8083,8082,8081,8080,8079,8078,8077,8076,8074,8073,8072,8071,8070,8069,8068,8067,8066,8065,8064,8063,8061,8060,8059,8058,8057,8056,8055,8054,8053,8052,8051,8050,8049,8048,8047,8046,8045,8044,8043,8042,8041,8040,8039,8038,8075,8036,8035,8034,8031,8030,8029,8028,8027,8025,8024,8022,8023,8021,8020,8019,8013,8018,8016,8015,8012,8011,8033,8010,8008,8002,8001,8009,8032,7812,7811,8007,8006,8005,8004,8003,8000,7999,7997,7998,7995,7994,7993,7992,7991,7990,7989,7988,7987,7986,7985,7984,7983,7980,7981,7979,7977,7976,7975,7974,7973,7972,7971,7970,7969,7968,7967,8026,7867,7966,7965,7964,7963,7962,7961,7960,7959,7958,7957,7954,7956,7947,7261,7946,7955,7953,7952,7951,7950,7949,7945,7944,7943,7942,7941,7940,7939,7938,7937,7936,7935,7934,7933,7932,7930,7929,7928,7927,7926,7925,7924,7923,7921,7920,7919,7978,8599,7824,7917,7916,7915,7914,7913,7912,7911,7910,7909,7908,7907,7905,7922,7868,8017,7876,7875,7982,7805,7904,7901,7900,7899,7898,7897,7896,7906,7777,7776,7775,7774,7391,7879,7903,7893,7880,7895,7894,8062,7886,7892,7878,7877,7865,7864,8426,7863,8014,7861,7857,7860,7859,7862,7856,7855,7854,7853,7852,7850,7849,7848,7847,7851,7842,7839,7838,7841,7902,7874,7873,7871,7870,7872,7803,7827,7826,7825,7828,7822,7821,7823,8544,7801,7800,7799,7829,7846,7845,7844,7843,7840,7837,7835,7834,7833,7832,7831,7830,7866,7817,7816,7814,7813,7815,8037,7808,7807,7806,7809,7798,7797,7796,7795,7793,7792,7790,7789,7791,7794,6990,7788,7787,7785,7784,7783,7782,7781,7780,7779,7778,7773,7770,7772,7771,7769,7768,7767,7766,7765,7764,7763,7761,7760,7759,7762,7757,7756,7755,7754,7753,7752,7751,7750,7749,7748,7747,7746,7744,7745,7743,7742,7741,7740,7739,7738,7737,7736,7735,7734,7733,7732,7731,7730,7729,7728,7727,7726,7725,7724,7723,7722,7721,7720,7719,7718,7717,7716,7715,7714,7713,7712,7711,7710,7709,7708,7707,7706,7705,7704,7703,7702,7701,7758,7869,7324,7700,7699,7697,7696,7694,7693,7692,7691,7690,7689,7688,7687,7686,7685,7684,7683,7682,7681,7680,7679,7678,7677,7676,7675,7674,7673,7672,7671,7670,7669,7668,7667,7666,7665,7664,7663,7662,7661,7660,7659,7658,7657,7656,7655,7654,7653,7652,7651,7650,7649,7648,7647,7646,7645,7644,7643,7642,7641,7640,7639,7638,7637,7636,7635,7634,7633,7632,7631,7630,7629,7628,7627,7626,7625,7624,7623,7622,7621,7620,7619,7618,7616,7615,7614,7612,7613,7611,7610,7609,7608,7607,7606,7605,7604,7603,7602,7601,7600,7599,7597,7596,7595,7594,7593,7592,7591,7590,7589,7588,7587,7586,7585,7584,7583,7582,7581,7580,7579,7578,7577,7576,7575,7572,7574,7570,7571,7569,7568,7567,7566,7563,7565,7698,7370,7369,7918,7385,7384,7383,7381,7382,7564,7562,7560,7559,7558,7557,7556,7554,7389,7388,7387,7553,7551,7555,7552,7546,7549,7545,7544,7543,7541,7540,7538,7537,7536,7535,7534,7533,7532,7531,7530,7529,7528,7527,7526,7525,7524,7523,7522,7521,7520,7519,7518,7517,7516,7515,7514,7513,7512,7511,7509,7508,7507,7506,7505,7504,7503,7502,7501,7500,7499,7498,7497,7496,7495,7493,7492,7491,7490,7489,7488,7487,7485,7484,7483,7482,7481,7480,7479,7478,7477,7476,7474,7473,7472,7471,7486,7470,7469,7468,7467,7466,7465,7464,7463,7462,7461,7460,7459,7458,7457,7456,7455,7454,7453,7452,7451,7450,7449,7573,7395,7394,7393,7255,7448,7447,7446,7445,7444,7443,7442,7441,7440,7439,7438,7436,7435,7437,7397,7434,7433,7431,7430,7429,7428,7427,7426,7425,7424,7423,7422,7421,7419,7420,7368,7367,7366,7365,7326,7325,7418,7417,7475,7392,7390,7396,7380,7379,7378,7376,7377,7510,7113,7112,7111,7432,6646,7416,7415,7414,7413,7412,7411,7410,7407,7406,7405,7404,7403,7402,7399,7401,7398,7409,7375,7374,7408,7234,6951,7328,7373,7371,7372,7836,6985,7561,7364,7363,7362,7361,7360,7354,7355,7357,7353,7351,7352,7319,7318,7317,7316,7315,7314,7313,7312,7311,7310,7309,7308,7307,7306,7304,7303,7302,7305,7350,7349,7348,7346,7345,7344,7343,7356,7858,7243,7242,7240,7239,7238,7237,7241,7301,7300,7299,7298,7297,7296,7295,7294,7293,7292,7291,7290,7289,7288,7287,7286,7285,7284,7283,7282,7281,7280,7279,7278,7277,7276,7275,7274,7273,7271,7270,7269,7268,7267,7264,7263,7262,7259,7342,7336,7400,7547,7127,7126,7125,7548,7334,7333,7359,6877,6876,6875,6874,6873,6872,6871,6870,7695,7221,7220,7219,7236,7233,7232,7231,7230,7229,7228,7227,7226,7225,7224,7223,7222,7218,7217,7216,7215,7214,7212,7211,7210,7209,7208,7207,7206,7205,7204,7203,7202,7213,7128,7335,7347,7332,7331,7330,7539,6929,7235,7329,7197,7196,7195,7194,9979,7160,7158,7157,7156,7154,7153,7155,7257,7272,7254,7260,7386,7341,7340,7339,7338,7322,7321,7323,7253,7252,7251,7250,7244,7193,7192,7189,7188,7186,7185,7184,7183,7182,7181,7180,7179,7178,7177,7191,7358,8117,7082,7080,7079,7078,7077,7081,7201,7200,7199,7198,6987,7151,7152,7150,7148,7147,7146,7145,7144,7107,7143,7550,8928,7124,7123,7122,7121,7120,7119,7118,7117,7176,7174,7173,7172,7171,7170,7167,7166,7165,7164,7163,7162,7169,7161,7187,8108,7142,7141,7140,7139,7138,7137,7136,7135,7134,7266,6981,6980,6979,6978,6976,6975,6974,7129,7133,7132,7130,7131,7168,7115,7114,7116,8152,6915,6914,6913,6912,6911,6910,6909,6908,6907,7108,7076,7075,7190,7105,7103,7104,7106,7101,7100,7099,7098,7097,7096,7094,7093,7092,7091,7090,7089,7088,7086,7085,7084,7083,7087,7931,7073,7072,7071,7070,7069,7068,7067,7066,7065,7064,7063,7062,7061,7060,7059,7058,7057,7056,7055,7054,7053,7051,7050,7049,7048,7047,7046,7045,7044,7043,7042,7041,7040,7039,7038,7037,7035,7034,7033,7032,7031,7030,7029,7028,7027,7026,7025,7024,7023,7022,7021,7020,7018,7017,7016,7015,7013,7012,7011,7010,7009,7008,7007,7006,7005,7004,7003,7002,7001,7000,6999,6998,6997,6996,7019,6991,6988,6992,6954,6953,6973,6972,7036,7074,7149,7337,7249,6958,6957,6956,6984,6950,6949,6948,6947,7159,6944,6943,6942,6941,6940,6939,6938,6937,6936,6935,6934,6933,6932,6930,6931,6864,6863,6848,7494,6890,6889,6888,6887,6886,6885,6884,6883,6882,6881,6880,6869,6866,6868,6867,6860,6971,6970,6968,6967,6969,7014,6696,6995,6994,6993,7052,6826,6825,6847,6842,6836,6835,6834,6784,6966,6964,6963,6962,6961,6960,6959,6965,6820,6819,6818,6817,6952,7598,6906,6905,6904,6903,6902,6901,6900,6899,6898,6897,6896,6853,6852,6851,6850,6849,6829,6831,6731,7095,7175,6946,6919,6879,6945,6895,6894,6893,6892,6891,6775,6774,6773,6772,6771,6770,6769,6767,6765,6751,6750,6749,8983,6733,6732,6736,6766,6840,6839,6983,6982,6827,6811,6810,6809,6808,6807,6806,6804,6805,6802,6801,6800,6799,6798,6797,6796,6794,6793,6792,6791,6795,6843,6816,6815,6814,6812,6838,6764,6763,6762,6761,6760,6759,6758,6757,6756,6755,6754,6753,6752,6813,6878,6638,6583,6582,7109,8411,6695,6694,6693,6690,6689,6688,6687,6686,6730,6734,6723,6722,6721,6720,6719,6718,6717,6716,6768,6859,6858,6855,6854,6832,6856,6554,6857,6921,6920,6711,6710,6709,6708,6707,6706,6705,6704,6703,6702,6701,6700,6699,6698,6697,6712,6830,6747,6746,6745,6744,6743,6748,6790,6789,6787,6788,6783,6782,6739,6738,6737,6740,6786,6785,6678,6677,6676,6675,6674,6673,6684,6692,6841,6955,9809,6918,6916,6917,6989,6650,6663,6661,6660,6659,6658,6655,6654,6653,6657,6742,6741,6648,6647,6649,6656,6691,6837,6845,6824,6823,6822,6821,6781,6780,6779,6778,6777,6581,6776,6682,6683,6651,6846,6578,6580,6520,6519,6579,6662,6729,6728,6727,6726,6725,6925,6681,6680,6679,6833,6636,6645,6639,6643,6671,6672,6670,6669,6668,6667,6666,6665,6641,6640,6626,6625,6630,6637,6634,6633,6644,6635,6629,6624,6623,6628,6631,6501,6632,6724,6652,6504,6503,6627,6622,6621,6620,6619,6618,6617,6616,6615,6614,6613,6612,6611,6610,6609,6600,6599,6598,6608,6595,6594,6593,6590,6589,6588,6587,6586,6585,6584,6592,6604,6603,6602,6570,6607,6569,6568,6567,6606,6601,6597,6596,6591,6565,6564,6563,6562,6560,6556,6555,6552,6551,6550,6549,6553,11481,6542,6543,6516,6642,6561,6545,6546,6517,6518,6540,6515,6514,6513,6512,6605,6511,6510,6509,6544,6548,6547,6538,6537,6536,6539,6541,6928,6505,6502,6535,6534,6533,6532,6531,6530,6529,6528,6527,6526,6522,6521,6523,6525,6500,6499,6498,6497,6496,6495,6494,6493,6492,6491
16650,12336,11864,11863,11862,11861,11860,11859,11858,11857,11856,11855,11854,11853,11852,11851,11849,11848,11847,11846,11845,11545,11544,11089,10792,10793,9160,8553,8552,8551,8550,8549,7320,6566,11850
18219,6862,6861,18218
16849,16848,14488,14487,14486,14485,14484,6923,6922,16847
7247,7245,7246
8482
12753
8949
8948
16505,9293,9291,9290,9289,9292
11751,11750,11749,11747,11748
18363,18361,18360,18359,11814,18362
12326
12325
12332
12331
13262
13261
13543,13541,13542
13544
15452
14569,13894,18915
14232,14230,14229,14231
14665
14664
14855
14856
14857
14858
15060,15059,15058,15057,15056,15055,15054,15053,15052,15051,15050
15107,15106,15108
15151,15150,15149,15148
15664
15665
15681
15682
15754
15755
16455
16457
16503,16502,16501,16500,16499,16504
16819,16817,16818
17086
17092
17678
17677
17877
19306
18146
18145
18557
18556
18614,18612,18610,18609,18608
19105
19106
19246,19245,19244,19243,19242,19241,19240
