C0,C93,C113,C143,C151,C215,C216,C218,C219,C242,C375,C432,C443,C444,C450,C451,C455,C512,C571,C596,C605,C634,C636,C642,C658,C734,C735,C795,C876,C899,C915,C945,C966,C1010,C1044,C1061,C1062,C1099,C1111,C1132,C1133,C1156,C1223,C1225,C1247,C1248,C1249,C1250,C1292,C1310,C1312,C1314,C1318,C1377,C1378,C1439,C1463,C1480,C1520,C1596,C1604,C1606,C1621,C1647,C1668,C1755,C1769,C1844,C1933,C1960,C1961,C1968,C1969,C2020,C2029,C2074,C2126,C2127,C2132,C2302,C2312,C2313,C2324,C2334,C2361,C2415,C2427,C2459
C1,C25,C27,C28,C44,C48,C53,C63,C78,C80,C82,C83,C84,C86,C96,C98,C101,C107,C112,C120,C125,C126,C127,C131,C135,C138,C147,C168,C169,C170,C174,C175,C176,C177,C180,C184,C205,C207,C208,C209,C211,C212,C221,C222,C225,C231,C232,C233,C234,C235,C244,C245,C248,C249,C250,C251,C255,C258,C260,C261,C266,C267,C273,C274,C276,C282,C284,C285,C286,C287,C290,C294,C302,C312,C316,C318,C320,C323,C324,C326,C327,C328,C329,C330,C331,C332,C337,C338,C340,C348,C349,C356,C364,C365,C374,C391,C395,C398,C401,C407,C408,C409,C410,C416,C420,C426,C427,C428,C429,C430,C431,C436,C437,C452,C457,C460,C462,C464,C468,C469,C476,C477,C478,C483,C484,C485,C487,C488,C494,C496,C500,C501,C502,C507,C508,C520,C521,C526,C529,C537,C542,C546,C549,C551,C555,C556,C558,C559,C560,C561,C567,C568,C578,C586,C587,C598,C599,C602,C603,C606,C611,C612,C613,C617,C631,C647,C648,C649,C650,C656,C659,C660,C665,C669,C670,C673,C674,C675,C676,C680,C681,C686,C693,C701,C704,C707,C708,C715,C717,C718,C719,C720,C724,C729,C736,C737,C738,C742,C748,C755,C757,C759,C773,C774,C775,C776,C777,C779,C780,C781,C782,C783,C784,C787,C788,C789,C796,C800,C802,C803,C823,C824,C828,C835,C836,C839,C840,C853,C854,C855,C856,C857,C858,C894,C895,C900,C901,C907,C909,C914,C916,C920,C924,C927,C929,C930,C931,C937,C938,C939,C942,C946,C953,C971,C978,C980,C982,C986,C987,C988,C989,C995,C996,C997,C999,C1002,C1003,C1005,C1007,C1011,C1012,C1013,C1021,C1022,C1023,C1032,C1033,C1034,C1041,C1043,C1050,C1054,C1056,C1057,C1058,C1059,C1060,C1063,C1064,C1065,C1066,C1071,C1072,C1076,C1077,C1078,C1079,C1082,C1092,C1094,C1096,C1104,C1106,C1110,C1139,C1157,C1158,C1163,C1165,C1168,C1169,C1172,C1173,C1177,C1178,C1183,C1193,C1196,C1200,C1203,C1204,C1211,C1212,C1213,C1217,C1218,C1232,C1233,C1240,C1241,C1242,C1251,C1252,C1254,C1256,C1257,C1265,C1266,C1267,C1270,C1271,C1273,C1281,C1283,C1284,C1288,C1289,C1291,C1293,C1294,C1297,C1308,C1309,C1319,C1320,C1323,C1324,C1325,C1329,C1330,C1341,C1354,C1362,C1372,C1374,C1376,C1379,C1380,C1381,C1384,C1387,C1395,C1396,C1398,C1399,C1400,C1403,C1405,C1406,C1407,C1408,C1414,C1416,C1423,C1424,C1425,C1426,C1427,C1431,C1432,C1433,C1435,C1442,C1443,C1454,C1455,C1456,C1457,C1458,C1470,C1475,C1483,C1487,C1489,C1490,C1492,C1493,C1497,C1503,C1509,C1512,C1513,C1514,C1515,C1516,C1517,C1518,C1521,C1527,C1528,C1532,C1533,C1536,C1537,C1539,C1540,C1542,C1543,C1544,C1545,C1546,C1547,C1553,C1556,C1561,C1572,C1573,C1574,C1575,C1577,C1578,C1581,C1582,C1583,C1587,C1588,C1589,C1590,C1595,C1599,C1600,C1601,C1602,C1609,C1610,C1612,C1618,C1620,C1627,C1628,C1629,C1630,C1632,C1638,C1639,C1640,C1641,C1653,C1656,C1657,C1658,C1665,C1667,C1674,C1681,C1692,C1693,C1700,C1701,C1702,C1704,C1706,C1707,C1717,C1719,C1720,C1721,C1729,C1730,C1736,C1737,C1744,C1745,C1746,C1748,C1749,C1750,C1756,C1757,C1758,C1759,C1760,C1761,C1763,C1764,C1766,C1767,C1770,C1772,C1773,C1774,C1775,C1776,C1780,C1783,C1786,C1788,C1791,C1793,C1794,C1800,C1801,C1810,C1812,C1813,C1817,C1818,C1820,C1821,C1824,C1832,C1833,C1840,C1845,C1858,C1859,C1860,C1863,C1864,C1865,C1866,C1867,C1868,C1870,C1871,C1875,C1881,C1882,C1883,C1891,C1892,C1895,C1899,C1905,C1906,C1913,C1918,C1919,C1920,C1921,C1925,C1926,C1927,C1930,C1936,C1937,C1943,C1945,C1975,C1976,C1977,C1978,C1982,C1983,C1986,C1987,C1989,C1990,C1992,C1996,C1997,C1998,C2003,C2004,C2008,C2009,C2010,C2018,C2019,C2027,C2033,C2034,C2041,C2047,C2048,C2053,C2055,C2056,C2057,C2058,C2059,C2060,C2066,C2069,C2072,C2073,C2076,C2079,C2080,C2081,C2086,C2092,C2093,C2100,C2101,C2102,C2103,C2111,C2113,C2116,C2135,C2145,C2149,C2150,C2151,C2169,C2170,C2172,C2173,C2174,C2175,C2176,C2179,C2180,C2183,C2184,C2186,C2189,C2190,C2191,C2192,C2193,C2196,C2197,C2198,C2203,C2206,C2207,C2215,C2216,C2217,C2226,C2228,C2235,C2236,C2237,C2238,C2239,C2249,C2257,C2258,C2262,C2266,C2267,C2273,C2274,C2280,C2281,C2283,C2296,C2297,C2301,C2303,C2304,C2311,C2314,C2321,C2330,C2331,C2332,C2338,C2341,C2342,C2344,C2345,C2351,C2353,C2360,C2362,C2363,C2367,C2370,C2373,C2375,C2379,C2385,C2393,C2394,C2396,C2406,C2407,C2410,C2424,C2425,C2426,C2429,C2430,C2436,C2437,C2438,C2444,C2449,C2450,C2456,C2457,C2460,C2465,C2466,C2467
C2,C76,C77,C121,C123,C154,C210,C227,C237,C239,C275,C325,C333,C339,C358,C363,C386,C413,C417,C439,C440,C465,C471,C601,C623,C637,C758,C793,C820,C821,C892,C919,C941,C1000,C1029,C1030,C1031,C1067,C1085,C1112,C1113,C1114,C1148,C1150,C1160,C1190,C1275,C1286,C1290,C1301,C1302,C1311,C1385,C1421,C1499,C1534,C1683,C1690,C1709,C1728,C1778,C1798,C1799,C1839,C1846,C1847,C1848,C1849,C1850,C1851,C1852,C1856,C1910,C1911,C1912,C1948,C1965,C1966,C1974,C1980,C2021,C2026,C2070,C2108,C2109,C2110,C2153,C2154,C2155,C2161,C2188,C2263,C2286,C2307,C2372,C2376,C2377,C2399,C2400,C2404,C2413,C2440
C3,C29,C33,C37,C38,C69,C117,C122,C132,C140,C141,C157,C158,C187,C188,C189,C201,C213,C214,C224,C230,C247,C253,C298,C311,C341,C342,C359,C373,C377,C379,C396,C397,C445,C466,C470,C472,C474,C486,C498,C535,C576,C593,C604,C651,C668,C671,C672,C679,C731,C772,C817,C818,C830,C846,C847,C848,C863,C875,C877,C883,C903,C904,C908,C928,C948,C959,C967,C968,C1024,C1042,C1051,C1074,C1116,C1129,C1130,C1137,C1166,C1181,C1185,C1199,C1216,C1226,C1227,C1230,C1262,C1307,C1313,C1317,C1333,C1353,C1366,C1382,C1438,C1461,C1476,C1477,C1482,C1494,C1502,C1505,C1510,C1519,C1535,C1580,C1593,C1597,C1607,C1615,C1651,C1660,C1661,C1664,C1677,C1678,C1679,C1682,C1802,C1804,C1826,C1834,C1836,C1893,C1894,C1904,C1915,C1962,C1963,C1964,C1984,C1985,C2035,C2049,C2065,C2067,C2068,C2075,C2125,C2129,C2137,C2144,C2148,C2164,C2165,C2223,C2224,C2244,C2248,C2250,C2282,C2285,C2287,C2292,C2340,C2343,C2371,C2380,C2381,C2384,C2395,C2414,C2416,C2428,C2431,C2461,C2463,C2469,C2470
C4,C46,C161,C162,C229,C334,C372,C533,C573,C633,C960,C1073,C1088,C1091,C1124,C1192,C1303,C1352,C1361,C1549,C1592,C1670,C1671,C1808,C1809,C2005,C2017,C2028,C2091,C2114,C2158,C2159,C2229,C2265,C2298,C2299,C2320,C2335,C2336,C2439,C2445,C2446
C5,C100,C173,C336,C380,C438,C534,C577,C661,C745,C790,C933,C1084,C1263,C1369,C1401,C1415,C1735,C1835,C1855,C1903,C2046,C2050,C2078,C2082,C2204,C2205,C2432,C2452
C6,C51,C370,C404,C405,C1174,C1186,C1331,C1598,C1734,C1869,C1973,C1988,C2077,C2199,C2464
C7,C31,C32,C34,C74,C75,C85,C88,C119,C146,C155,C200,C301,C446,C456,C473,C522,C530,C632,C698,C808,C809,C849,C850,C851,C873,C951,C990,C1006,C1015,C1080,C1126,C1127,C1159,C1276,C1305,C1334,C1346,C1347,C1348,C1357,C1422,C1471,C1472,C1473,C1506,C1507,C1551,C1568,C1608,C1613,C1642,C1643,C1669,C1673,C1787,C1878,C1879,C1880,C2071,C2087,C2088,C2097,C2115,C2133,C2143,C2171,C2177,C2210,C2211,C2242,C2243,C2246,C2247,C2289,C2290,C2326,C2327
C8,C64,C66,C118,C130,C148,C149,C181,C182,C223,C291,C400,C453,C506,C527,C528,C541,C548,C553,C554,C562,C563,C565,C574,C580,C582,C583,C595,C621,C622,C635,C655,C690,C691,C695,C696,C697,C705,C706,C746,C747,C792,C804,C811,C812,C813,C814,C815,C852,C864,C865,C886,C910,C918,C943,C970,C1001,C1004,C1026,C1027,C1089,C1095,C1098,C1102,C1103,C1105,C1109,C1128,C1131,C1149,C1220,C1221,C1222,C1278,C1279,C1336,C1342,C1350,C1365,C1370,C1397,C1420,C1444,C1464,C1555,C1564,C1565,C1611,C1631,C1633,C1644,C1645,C1646,C1652,C1675,C1705,C1722,C1743,C1747,C1771,C1873,C1907,C1928,C1929,C1931,C1944,C1991,C2024,C2030,C2032,C2042,C2043,C2054,C2064,C2095,C2096,C2104,C2105,C2130,C2131,C2146,C2167,C2181,C2200,C2201,C2202,C2212,C2213,C2218,C2219,C2221,C2261,C2278,C2319,C2354,C2355,C2368,C2369,C2378,C2392,C2443
C9,C39,C50,C54,C60,C105,C108,C128,C134,C142,C163,C164,C186,C192,C193,C194,C197,C198,C256,C257,C279,C280,C293,C304,C310,C322,C360,C361,C368,C376,C378,C388,C392,C394,C425,C435,C448,C449,C454,C495,C505,C511,C515,C532,C538,C572,C575,C581,C616,C629,C643,C713,C714,C716,C725,C727,C728,C744,C764,C765,C766,C767,C785,C794,C806,C816,C845,C885,C913,C925,C926,C949,C950,C957,C958,C985,C992,C1025,C1038,C1045,C1046,C1047,C1075,C1093,C1123,C1125,C1143,C1146,C1147,C1151,C1152,C1155,C1170,C1180,C1208,C1215,C1231,C1243,C1255,C1259,C1260,C1280,C1315,C1316,C1339,C1343,C1344,C1445,C1468,C1481,C1488,C1508,C1541,C1557,C1558,C1603,C1617,C1637,C1655,C1694,C1698,C1708,C1711,C1714,C1715,C1815,C1837,C1874,C1876,C1877,C1884,C1896,C1897,C1898,C1923,C1955,C1957,C1958,C1993,C1994,C1995,C2012,C2013,C2025,C2038,C2039,C2061,C2062,C2083,C2089,C2119,C2134,C2136,C2152,C2156,C2157,C2163,C2230,C2231,C2252,C2264,C2269,C2270,C2293,C2294,C2295,C2308,C2309,C2349,C2357,C2374,C2398,C2434,C2435,C2451
C10,C43,C57,C91,C179,C199,C236,C243,C254,C271,C272,C281,C283,C321,C406,C411,C414,C421,C499,C523,C524,C525,C579,C644,C678,C682,C683,C684,C692,C768,C825,C826,C831,C841,C932,C969,C983,C993,C994,C1014,C1135,C1261,C1332,C1360,C1383,C1394,C1511,C1560,C1569,C1576,C1634,C1635,C1636,C1684,C1685,C1733,C1765,C1792,C1814,C2006,C2031,C2040,C2063,C2185,C2194,C2259,C2325,C2386,C2387,C2388,C2417,C2418,C2453,C2454,C2455
C11,C47,C55,C99,C103,C106,C152,C185,C191,C217,C309,C371,C393,C399,C458,C459,C509,C630,C663,C664,C700,C703,C712,C749,C760,C761,C762,C778,C791,C819,C842,C843,C867,C868,C869,C961,C981,C1040,C1118,C1119,C1120,C1121,C1122,C1138,C1153,C1154,C1175,C1176,C1189,C1224,C1234,C1235,C1245,C1246,C1277,C1287,C1295,C1296,C1337,C1367,C1368,C1409,C1410,C1411,C1437,C1449,C1500,C1605,C1622,C1649,C1686,C1687,C1762,C1781,C1782,C1785,C1805,C1816,C1853,C1914,C1916,C1917,C1938,C1939,C1940,C1952,C2011,C2084,C2085,C2094,C2124,C2138,C2139,C2160,C2240,C2260,C2347,C2348,C2352,C2409,C2442
C12,C40,C49,C56,C58,C65,C133,C171,C172,C178,C268,C269,C289,C362,C387,C403,C418,C419,C447,C479,C584,C740,C870,C871,C893,C962,C1052,C1097,C1182,C1214,C1236,C1237,C1285,C1345,C1429,C1430,C1451,C1462,C1614,C1623,C1624,C1691,C1738,C1739,C1740,C1768,C1857,C1889,C1890,C1900,C1901,C1953,C2168,C2222,C2245,C2288,C2306,C2458
C13,C61,C81,C89,C90,C136,C144,C145,C299,C300,C305,C308,C351,C353,C354,C355,C422,C423,C433,C434,C467,C491,C492,C493,C503,C516,C531,C590,C591,C620,C743,C750,C921,C922,C923,C934,C935,C936,C963,C1028,C1134,C1145,C1187,C1191,C1197,C1198,C1229,C1321,C1322,C1349,C1364,C1402,C1419,C1474,C1486,C1563,C1594,C1680,C1695,C1696,C1727,C1822,C1823,C1838,C1924,C1950,C1951,C2090,C2106,C2107,C2112,C2140,C2141,C2142,C2227,C2275,C2305,C2310,C2433,C2448
C14,C23,C41,C52,C95,C114,C139,C166,C167,C252,C263,C264,C265,C317,C369,C461,C480,C481,C518,C539,C540,C552,C557,C607,C608,C609,C614,C615,C625,C626,C627,C652,C653,C685,C732,C733,C756,C769,C770,C771,C807,C912,C944,C964,C965,C972,C991,C1008,C1048,C1049,C1141,C1142,C1179,C1184,C1228,C1244,C1253,C1338,C1447,C1550,C1554,C1566,C1567,C1619,C1689,C1712,C1713,C1718,C1751,C1789,C1790,C1819,C1854,C1956,C1959,C2014,C2015,C2147,C2162,C2178,C2232,C2233,C2317,C2318,C2401,C2402
C15,C26,C94,C102,C109,C116,C160,C390,C463,C730,C844,C906,C917,C973,C1108,C1171,C1206,C1207,C1239,C1306,C1328,C1754,C1949,C2007,C2346,C2397
C16,C62,C92,C97,C104,C111,C115,C150,C153,C202,C203,C220,C292,C347,C366,C367,C381,C382,C383,C384,C385,C389,C415,C441,C510,C550,C570,C618,C624,C646,C662,C689,C694,C702,C726,C739,C797,C798,C799,C838,C859,C860,C861,C874,C896,C897,C898,C952,C974,C975,C976,C977,C1035,C1036,C1086,C1161,C1167,C1219,C1268,C1272,C1298,C1299,C1300,C1304,C1340,C1356,C1388,C1389,C1390,C1391,C1392,C1393,C1418,C1448,C1450,C1452,C1469,C1478,C1495,C1496,C1529,C1530,C1548,C1562,C1625,C1626,C1648,C1688,C1697,C1710,C1777,C1795,C1806,C1825,C1841,C1843,C1902,C1909,C1941,C1954,C1981,C2000,C2001,C2002,C2022,C2023,C2120,C2121,C2122,C2128,C2208,C2225,C2268,C2328,C2358,C2359,C2365,C2382,C2383,C2390,C2403,C2405,C2412,C2421,C2422,C2423
C17,C87,C165,C195,C228,C288,C517,C566,C569,C588,C589,C610,C619,C641,C687,C688,C810,C891,C905,C947,C1009,C1017,C1018,C1070,C1136,C1144,C1210,C1335,C1373,C1417,C1446,C1498,C1538,C1586,C1672,C1716,C1753,C1861,C1862,C1885,C1934,C1935,C2117,C2118,C2187,C2253,C2255,C2256,C2291,C2322,C2389,C2411,C2462
C18,C35,C42,C45,C59,C68,C72,C73,C110,C159,C183,C204,C240,C262,C277,C278,C295,C296,C303,C306,C307,C313,C314,C315,C335,C343,C344,C350,C357,C402,C412,C424,C442,C489,C490,C504,C564,C592,C597,C600,C638,C639,C640,C654,C657,C677,C709,C710,C711,C721,C722,C723,C741,C822,C827,C829,C832,C833,C834,C837,C866,C872,C880,C881,C882,C884,C911,C940,C954,C955,C956,C979,C984,C1016,C1019,C1020,C1037,C1039,C1053,C1055,C1068,C1069,C1083,C1087,C1090,C1100,C1107,C1117,C1194,C1264,C1351,C1355,C1358,C1375,C1428,C1436,C1440,C1441,C1453,C1467,C1491,C1501,C1522,C1523,C1524,C1525,C1552,C1570,C1579,C1591,C1616,C1650,C1659,C1666,C1676,C1703,C1723,C1724,C1742,C1752,C1784,C1807,C1872,C1888,C1908,C1922,C1932,C1946,C1947,C1970,C1971,C1972,C2036,C2037,C2051,C2052,C2098,C2123,C2209,C2214,C2234,C2241,C2251,C2254,C2271,C2276,C2277,C2284,C2315,C2316,C2329,C2333,C2339,C2350,C2356,C2419,C2420,C2447,C2468
C19,C30,C36,C67,C129,C238,C241,C259,C297,C319,C475,C519,C536,C645,C699,C763,C786,C902,C1081,C1140,C1162,C1188,C1195,C1201,C1202,C1205,C1238,C1269,C1274,C1359,C1363,C1371,C1404,C1479,C1484,C1485,C1504,C1526,C1531,C1559,C1584,C1585,C1699,C1726,C1796,C1797,C1811,C1886,C1887,C1942,C1967,C1999,C2166,C2195,C2272,C2300,C2323,C2391
C20,C71,C124,C190,C270,C352,C497,C585,C879,C998,C1115,C1164,C1209,C1282,C1326,C1434,C1663,C1725,C1741,C1779,C1803,C1979,C2044,C2045,C2099,C2220,C2279,C2364,C2408
C21,C70,C79,C137,C196,C206,C226,C246,C345,C346,C513,C514,C543,C544,C545,C547,C594,C666,C667,C751,C752,C753,C754,C862,C887,C888,C889,C890,C1101,C1258,C1327,C1386,C1412,C1413,C1571,C1654,C1662,C1827,C1828,C1829,C1830,C1831,C1842,C2016,C2182,C2337,C2366
C22,C482,C628,C801,C805,C878,C1459,C1460,C1465,C1466,C1731,C1732,C2441
C24,C156
